timestamp,vibration,temperature,motor_current,failure_risk
2023-01-01 00:00:00,2.921732027408053,42.89108375732276,2.2064878423575274,0
2023-01-01 01:00:00,3.7502710284300242,65.533346622282,8.34666593448171,0
2023-01-01 02:00:00,4.856671511178057,62.975937556567985,4.026544955542988,0
2023-01-01 03:00:00,2.356927329553494,67.01408503311237,2.94754300146115,0
2023-01-01 04:00:00,3.155325112735354,73.720153270252,4.404845014750447,0
2023-01-01 05:00:00,1.252930324711556,67.16317723394958,4.840888699356457,0
2023-01-01 06:00:00,3.517686086094697,72.40603574296411,5.371943925546584,0
2023-01-01 07:00:00,2.5782926328027127,84.18097645435466,5.879287041722369,1
2023-01-01 08:00:00,2.063875954059238,61.666158382865035,2.8474212771578653,0
2023-01-01 09:00:00,2.6684410155102816,71.73269664130136,4.343673670507945,0
2023-01-01 10:00:00,1.5734908344114902,71.68921819909652,4.048818605400992,0
2023-01-01 11:00:00,1.0489666605062995,56.556514374464825,5.8398212069660875,0
2023-01-01 12:00:00,3.063980200769315,58.87951458500105,4.189715400416328,0
2023-01-01 13:00:00,1.3611514494403958,80.3586967585214,4.560314841402179,0
2023-01-01 14:00:00,1.0823136312509016,47.90591329757572,0.4490166966688238,0
2023-01-01 15:00:00,1.7245684466431896,63.222291780613105,5.62070748521396,0
2023-01-01 16:00:00,0.7284885613224363,68.36064531911373,3.331418641804582,0
2023-01-01 17:00:00,2.6115226066287747,61.30411488419852,4.374729248090738,0
2023-01-01 18:00:00,2.6218545068776087,70.95791747114346,4.489965148411047,0
2023-01-01 19:00:00,2.671779723599344,69.74765967939189,2.4975646922863675,0
2023-01-01 20:00:00,1.9006570259242919,61.79449792706467,4.213695911728191,0
2023-01-01 21:00:00,2.5429534499039166,72.29281054653138,4.21862419947469,0
2023-01-01 22:00:00,2.1197152466321,56.84230089637287,4.433577849972928,0
2023-01-01 23:00:00,2.6430923145029825,50.515105787986606,2.896398947541953,0
2023-01-02 00:00:00,3.2132658718765787,52.78513473628494,1.6747910873315859,0
2023-01-02 01:00:00,2.1776136914518904,66.3949436344005,3.2140025148289872,0
2023-01-02 02:00:00,3.944845523604277,72.7526389888583,1.8605380131078544,0
2023-01-02 03:00:00,2.939223212483388,72.24601099726947,5.21903470074308,0
2023-01-02 04:00:00,2.280093332064705,41.1943822976219,3.270012606241914,0
2023-01-02 05:00:00,1.858684907925011,69.05370148319986,3.9173511439818567,0
2023-01-02 06:00:00,3.5923878665728153,70.67464160903307,4.892639981422223,0
2023-01-02 07:00:00,1.6482329672377714,47.29394796205514,3.7651252674968454,0
2023-01-02 08:00:00,2.1010361825513817,50.31810225007479,4.233136760432513,0
2023-01-02 09:00:00,1.8103126638766134,67.99955547925305,3.169682485455875,0
2023-01-02 10:00:00,3.4429804207805534,66.39765339290071,2.6070530159392864,0
2023-01-02 11:00:00,1.2629875693688832,68.88457053393736,5.969238078732647,0
2023-01-02 12:00:00,3.023715317494469,53.052379085125665,3.798346845556798,0
2023-01-02 13:00:00,2.1976724235554332,68.74316105070102,3.2286768971998763,0
2023-01-02 14:00:00,1.8779368156766316,82.47176352435756,5.417512115622538,0
2023-01-02 15:00:00,2.8138567796973013,59.24054725484823,5.987284680376744,0
2023-01-02 16:00:00,7.684707296658232,128.2957374932634,7.998367803553224,1
2023-01-02 17:00:00,2.7644856823300277,84.74495537279462,3.6063732803032784,0
2023-01-02 18:00:00,3.6789569377522007,89.06975515801827,4.986106107040534,1
2023-01-02 19:00:00,2.710263960369199,52.81722481879778,4.321354965320134,0
2023-01-02 20:00:00,2.209557388471471,64.71608818722443,2.6324787554188758,0
2023-01-02 21:00:00,1.9863196090197937,70.21943172350755,1.7085118133159547,0
2023-01-02 22:00:00,4.092382932119341,67.00116795999718,5.262065878975254,0
2023-01-02 23:00:00,2.841496179342151,76.3736088454086,4.109044664004472,1
2023-01-03 00:00:00,3.3119774196200376,61.577529109244644,2.2295541907157275,0
2023-01-03 01:00:00,2.4339884879758786,72.8268603836686,5.337791753540581,0
2023-01-03 02:00:00,1.7945253754656314,62.79217647044788,4.3318442756545,0
2023-01-03 03:00:00,3.610333809307128,75.41196899183106,3.9978850925700367,0
2023-01-03 04:00:00,1.6463500783855896,61.55755195237284,5.49961309241476,0
2023-01-03 05:00:00,2.8927377990045122,57.1843121994674,2.8604980656883594,0
2023-01-03 06:00:00,2.5345053503067407,75.97335477272307,1.5072717258683115,0
2023-01-03 07:00:00,2.901891867581999,66.65030828223442,2.570796263034667,1
2023-01-03 08:00:00,3.6437816117031767,54.22617302244166,2.035056400510338,0
2023-01-03 09:00:00,3.400892032049991,73.00376064802481,2.9160039061685463,0
2023-01-03 10:00:00,2.0056065648919406,55.77808040492397,4.137578780098422,0
2023-01-03 11:00:00,2.702632143924995,63.486847619960635,7.177133341290267,0
2023-01-03 12:00:00,1.2741328678015762,80.54123107280068,2.667589584119098,0
2023-01-03 13:00:00,1.7198036262585004,80.7593379053334,4.084361798734851,1
2023-01-03 14:00:00,0.9510197322183984,69.97130926027381,4.3125611432516955,0
2023-01-03 15:00:00,0.9346143482368243,61.310885798884954,5.461679171809882,0
2023-01-03 16:00:00,1.5988635908352578,68.64711401873771,6.847534358362365,0
2023-01-03 17:00:00,3.3311630428485683,70.617297313665,6.4401156521520875,0
2023-01-03 18:00:00,2.519661163067954,66.71136527885797,4.090083562085526,0
2023-01-03 19:00:00,3.2288452682697657,82.34009859482573,0.504138585182913,0
2023-01-03 20:00:00,1.4378186632838197,74.02435403469761,3.9302139839023913,0
2023-01-03 21:00:00,2.465387456895422,70.3235286841007,3.0497741979717063,0
2023-01-03 22:00:00,2.206149684904988,68.75566601684649,2.911021475568797,0
2023-01-03 23:00:00,3.1146919396161037,84.00727723489751,4.1085434252064825,0
2023-01-04 00:00:00,3.9709854709754335,55.07506191933621,5.359649179909127,0
2023-01-04 01:00:00,1.9557119408598689,71.9483804147605,2.938047756459267,1
2023-01-04 02:00:00,3.7179642963812105,63.84086161881633,6.332408675150753,0
2023-01-04 03:00:00,2.7305243710926095,73.95456664318534,6.106953537943204,0
2023-01-04 04:00:00,1.8973434541873573,82.19161670901002,5.4177928383218426,0
2023-01-04 05:00:00,4.669564316324593,75.04183504004297,4.269483556695182,0
2023-01-04 06:00:00,1.2534529736250766,58.617647984701854,5.171294067229992,0
2023-01-04 07:00:00,1.6904870412386903,64.29688624803673,2.373379863065696,0
2023-01-04 08:00:00,3.6069393277762587,70.3463192041016,2.4048217185432494,0
2023-01-04 09:00:00,1.2453051743536845,88.80300687369709,4.464796053018218,0
2023-01-04 10:00:00,2.123729605396785,75.4634975029494,5.203987293590231,0
2023-01-04 11:00:00,1.9870125291137128,70.99076648464033,2.916458355772656,0
2023-01-04 12:00:00,4.104140640651965,83.86384109060138,1.9558122916371148,0
2023-01-04 13:00:00,5.083328799883041,56.47991853463787,4.700850426331522,0
2023-01-04 14:00:00,2.3387603443167566,69.94969894564248,5.028154333956676,0
2023-01-04 15:00:00,3.6705592722076963,60.15268901429097,2.998679163016546,0
2023-01-04 16:00:00,1.8955080642115014,50.12983128805109,1.662945858279536,0
2023-01-04 17:00:00,3.5599620951594257,64.88359053404174,5.063405639822102,0
2023-01-04 18:00:00,2.5881074521043335,68.47329945777585,1.269619502247203,0
2023-01-04 19:00:00,3.4363662682676708,88.91857168676299,8.564182502579726,0
2023-01-04 20:00:00,3.243373857153714,116.90506852251585,8.39614791107281,1
2023-01-04 21:00:00,2.7838459803223605,54.72410256994352,4.33040110490937,0
2023-01-04 22:00:00,0.858869998929521,67.13337820895417,2.0170826226386342,0
2023-01-04 23:00:00,4.602235385298065,157.82703893870922,7.036019044582918,1
2023-01-05 00:00:00,3.377468070384384,69.88671654782956,2.814481832889326,0
2023-01-05 01:00:00,1.3693786768423164,56.97623452465483,1.9717999393229508,0
2023-01-05 02:00:00,3.586627977995586,45.646744287764946,2.8771067154639476,0
2023-01-05 03:00:00,3.365032834267822,52.963990073523505,4.989600349535852,0
2023-01-05 04:00:00,2.3611483022644446,67.6043389572543,4.040164491692701,0
2023-01-05 05:00:00,2.6815816179711125,62.74553465941491,3.433331177329391,0
2023-01-05 06:00:00,2.9358086102855085,65.99335717024705,3.5720971455215453,0
2023-01-05 07:00:00,2.1266030494871937,52.29846661523984,6.177961591880994,0
2023-01-05 08:00:00,2.392372974653055,78.28131717553036,3.73598518870687,0
2023-01-05 09:00:00,2.803697965601171,66.6507251164072,6.979894587895796,0
2023-01-05 10:00:00,2.5070052908900062,58.141320169925066,5.295323131280343,0
2023-01-05 11:00:00,4.369751501558431,66.65254212679103,4.049336487440156,0
2023-01-05 12:00:00,1.7322125701068702,57.80447358598673,1.464963453552242,0
2023-01-05 13:00:00,2.6959149804582663,77.62243410847965,5.806614129563995,0
2023-01-05 14:00:00,4.822512714821372,139.6084526928154,2.704516256362723,1
2023-01-05 15:00:00,2.9075296588236133,58.68010306422596,8.437902591010808,0
2023-01-05 16:00:00,2.426033160038889,72.75716463741256,1.7769144424786725,1
2023-01-05 17:00:00,3.8663357292312495,68.89261169851078,1.972556478680655,0
2023-01-05 18:00:00,1.9696827020179768,67.38278879945894,5.992894193130031,0
2023-01-05 19:00:00,0.8352269232358036,83.30514603951825,3.6354821008009224,0
2023-01-05 20:00:00,2.85923899981617,71.19077310736795,8.484038369769245,0
2023-01-05 21:00:00,2.9287989128725256,72.3324748533367,3.3691666131064766,0
2023-01-05 22:00:00,3.042724750171001,56.943652233150345,4.083209083083823,0
2023-01-05 23:00:00,3.0375724755412827,63.221024707293,7.618075201669495,0
2023-01-06 00:00:00,2.273018828399703,56.36804543331474,1.3685968780601465,1
2023-01-06 01:00:00,2.23222470020748,66.97607542283848,4.551362030967722,0
2023-01-06 02:00:00,3.6074530632046633,65.96392560517282,3.7015656259331853,1
2023-01-06 03:00:00,1.7135069136178376,61.636875518231705,3.228304683568347,0
2023-01-06 04:00:00,3.2972479603256026,71.30919833543403,3.923607430837496,0
2023-01-06 05:00:00,1.329478033456286,68.54140323882834,2.6067196533806007,0
2023-01-06 06:00:00,2.3207664750824613,48.69309266919592,3.0411360436013486,0
2023-01-06 07:00:00,1.6524286689898378,79.85930255249977,3.019601643544583,0
2023-01-06 08:00:00,3.0139543270323976,63.964422590553305,7.296381160084332,0
2023-01-06 09:00:00,2.666891745888689,82.06641212098248,1.4560866290083423,0
2023-01-06 10:00:00,2.1190283904787806,72.15868588574477,5.5952317033149646,0
2023-01-06 11:00:00,3.1916044032959734,65.4702249346616,4.9064789314803665,0
2023-01-06 12:00:00,1.5950813551099956,78.37551481282044,7.2455535253590915,0
2023-01-06 13:00:00,0.6434200246452142,69.59446192021123,3.7739422334504282,0
2023-01-06 14:00:00,1.6435852729098963,61.98966123081343,3.522075450948713,0
2023-01-06 15:00:00,1.9430871854198957,57.46040326392865,4.099720533075103,0
2023-01-06 16:00:00,1.9068166160649849,81.23973720486761,6.001334014881146,0
2023-01-06 17:00:00,2.7586592018577907,50.6557806940787,3.2355462413018548,0
2023-01-06 18:00:00,3.6242424718175794,71.06588397226515,4.927644220320119,0
2023-01-06 19:00:00,3.8504776716876545,62.828271089840314,5.910617648140801,0
2023-01-06 20:00:00,1.0393619030631287,71.51844510045402,2.657202971727318,0
2023-01-06 21:00:00,3.285499378955288,80.1278852724462,3.739697991363937,0
2023-01-06 22:00:00,3.2779068929169934,64.52047511111923,3.183978378969262,0
2023-01-06 23:00:00,3.323957994121373,65.06605051212728,4.529862863840401,0
2023-01-07 00:00:00,1.2373708089017166,76.85223554618221,5.06032759433034,0
2023-01-07 01:00:00,1.9014252141723347,64.15260019625504,2.2882003661901815,0
2023-01-07 02:00:00,2.578647805560688,63.27556034687068,3.3533204297661965,0
2023-01-07 03:00:00,1.9147466464282474,53.8881176205837,3.6816820567381336,0
2023-01-07 04:00:00,2.2321246912675665,66.51592912038186,1.2131316399463712,0
2023-01-07 05:00:00,2.532138631995083,57.20072678713144,3.261859581715815,0
2023-01-07 06:00:00,3.3473093916968355,60.04369639472157,3.7376548038406097,0
2023-01-07 07:00:00,2.776651515518729,73.74244197026027,6.496052043954666,0
2023-01-07 08:00:00,2.502653254906809,71.82773603526692,6.186432866636606,0
2023-01-07 09:00:00,3.217074799323754,61.8847347618391,3.1793237487972643,0
2023-01-07 10:00:00,2.1397412951891646,70.63998350041503,4.977976852965393,0
2023-01-07 11:00:00,3.51404617659887,73.26764961540104,2.5298026875766313,0
2023-01-07 12:00:00,4.2060616562232855,70.62118686834646,7.1027361161733165,0
2023-01-07 13:00:00,3.206016607554792,53.56596642650156,5.52554518083021,0
2023-01-07 14:00:00,2.7539330512976816,62.15562092221139,4.463251172596107,0
2023-01-07 15:00:00,2.479409636369982,75.01695926430808,2.2764353887096944,0
2023-01-07 16:00:00,2.144643502931709,73.52466728872328,3.6632678565498926,0
2023-01-07 17:00:00,1.7065658640571613,60.41303577555901,1.9710175054357433,0
2023-01-07 18:00:00,4.591146160816445,51.94114569184745,4.312395666568432,0
2023-01-07 19:00:00,1.344998855887829,67.54827544903893,6.618900818948884,0
2023-01-07 20:00:00,1.7410451339435653,56.39351918953359,2.189347093363607,0
2023-01-07 21:00:00,3.9721483359146585,54.717861122272154,3.8757157625107563,0
2023-01-07 22:00:00,1.8526315993443134,74.02982005717944,5.530340541325607,0
2023-01-07 23:00:00,2.3194924564704924,77.02367674408946,3.6915200026234043,0
2023-01-08 00:00:00,2.7974024777794573,72.14448426882544,6.96085198846545,0
2023-01-08 01:00:00,2.148651042104866,47.41301498366522,4.027294532493693,0
2023-01-08 02:00:00,3.1720424606777557,69.49591273128372,6.03281384899987,0
2023-01-08 03:00:00,2.725567868479014,62.935829218469976,4.567868650937132,0
2023-01-08 04:00:00,2.6521749588665724,42.28669888737079,3.930702190448845,0
2023-01-08 05:00:00,2.8799569622043615,50.084820162469526,4.210125650973719,0
2023-01-08 06:00:00,0.5261024499536049,51.05921951604885,3.63136287361195,0
2023-01-08 07:00:00,3.66202289444806,64.7858803570789,3.8382663083617565,0
2023-01-08 08:00:00,1.0260391123086416,56.67937900957473,4.108156891911852,0
2023-01-08 09:00:00,2.067078707586571,67.84291819226797,2.3165511742725036,0
2023-01-08 10:00:00,1.4300701748886426,66.89083910944755,4.176363694724539,0
2023-01-08 11:00:00,3.049595027564537,58.721307852177226,5.078538158434446,0
2023-01-08 12:00:00,3.7579705188120247,53.95023883751245,2.346119474622883,1
2023-01-08 13:00:00,3.0319835925920056,79.56266211058397,5.570498627100363,0
2023-01-08 14:00:00,2.4805330892811464,63.22257210039024,5.485015608326826,0
2023-01-08 15:00:00,1.8823001732180373,62.19993049448971,3.784828387773052,0
2023-01-08 16:00:00,2.6345770558505053,75.21386187309852,5.168562364480916,0
2023-01-08 17:00:00,2.277962676629035,54.78019746450998,1.6074830180043889,0
2023-01-08 18:00:00,1.8327523411508468,54.033985582167105,4.790833222288122,0
2023-01-08 19:00:00,3.312963948711706,59.72142499108087,1.6035785614341216,0
2023-01-08 20:00:00,2.6638064032502644,62.54208782231224,5.917880842799376,0
2023-01-08 21:00:00,2.143054978834733,72.3659352425941,7.949464070864803,0
2023-01-08 22:00:00,2.3851243548741508,74.99774597760793,5.082288328382816,0
2023-01-08 23:00:00,1.4562672790431754,59.02892773505223,3.390185555969852,0
2023-01-09 00:00:00,2.554331467883844,68.28440387236871,6.431191953232095,0
2023-01-09 01:00:00,1.7562853284700812,55.09452654798311,1.9404605956556713,0
2023-01-09 02:00:00,1.2239778502337193,57.857618484203584,4.757834607744953,0
2023-01-09 03:00:00,2.118079181433205,64.94180131128968,9.091320369585603,0
2023-01-09 04:00:00,2.915347603367418,56.0556205911398,2.5825070052423937,1
2023-01-09 05:00:00,2.003517481431227,66.78219865885563,4.038839271849508,0
2023-01-09 06:00:00,1.2568081326061171,65.18177911078456,3.084206997567735,0
2023-01-09 07:00:00,2.716998857648904,68.51047813719188,6.553821410452869,0
2023-01-09 08:00:00,1.5298464816119446,57.28997466876299,7.824805411923481,0
2023-01-09 09:00:00,1.5712294795922075,60.72747065165315,2.841259245771457,0
2023-01-09 10:00:00,1.5250569095445163,81.14759436900826,3.8836308636760983,0
2023-01-09 11:00:00,2.1941431358332655,93.19251706617334,2.853946676605749,0
2023-01-09 12:00:00,2.2902789309661573,69.0151463589117,4.410521785804364,0
2023-01-09 13:00:00,1.8290099000139792,71.47335146073168,3.3766409344721184,0
2023-01-09 14:00:00,3.659899633688134,83.8595137483052,3.468783074773592,0
2023-01-09 15:00:00,1.1800991339664773,62.24199402312035,3.9383846526943556,0
2023-01-09 16:00:00,2.9071845283586892,60.40866736021069,4.271375157344234,0
2023-01-09 17:00:00,1.0359828215166802,64.51250200560632,5.838761539825866,0
2023-01-09 18:00:00,1.6709689617858814,83.80458812193294,2.4319843184306342,1
2023-01-09 19:00:00,2.15972423600891,68.37420240695116,5.620181910741334,0
2023-01-09 20:00:00,1.9198686673279721,60.62685607317419,2.5576005907933834,0
2023-01-09 21:00:00,2.651289558181008,49.18344555612957,3.8855703022422814,1
2023-01-09 22:00:00,3.899497812072622,69.02826491269913,4.875377067343202,0
2023-01-09 23:00:00,3.504147088431141,67.49841560066649,3.3595871923616683,0
2023-01-10 00:00:00,0.9831288000218352,83.85885776606888,2.235193044622017,0
2023-01-10 01:00:00,2.5715681031519906,61.477983672129355,3.173246992171178,0
2023-01-10 02:00:00,2.062423307511771,59.390572751076746,4.849096491050229,0
2023-01-10 03:00:00,3.815737049525527,71.77878839770368,4.851874820391472,0
2023-01-10 04:00:00,3.548663299124952,77.98707345817306,2.5913601434458102,0
2023-01-10 05:00:00,1.1316474890749006,57.029677431542275,2.770492716791094,0
2023-01-10 06:00:00,3.107167882706009,73.89728767216648,4.187339352801289,0
2023-01-10 07:00:00,3.4734997990490983,66.59784766334228,3.83438252146233,0
2023-01-10 08:00:00,2.4550585103316407,55.08794449002437,3.684469161341549,0
2023-01-10 09:00:00,4.101452964401329,54.014535492341906,8.455447186997501,1
2023-01-10 10:00:00,3.4103158617604015,40.75817923246653,3.5651520845028464,0
2023-01-10 11:00:00,1.887843118459135,64.2541670360971,4.219827865881134,0
2023-01-10 12:00:00,1.6565143748001216,80.25121623532549,6.380382703931793,0
2023-01-10 13:00:00,3.8349897996908933,54.11681320709174,4.405416590663287,0
2023-01-10 14:00:00,1.2744923786190079,68.25160195451092,2.6192932267925464,0
2023-01-10 15:00:00,1.8178226132855748,75.31837570146925,2.450937880905707,0
2023-01-10 16:00:00,2.645176916362694,54.51060314593579,4.8533139273224135,0
2023-01-10 17:00:00,0.8970012247198322,58.34677330567912,3.080258383146588,0
2023-01-10 18:00:00,2.8594018167229684,60.37204287165514,3.813292896021155,0
2023-01-10 19:00:00,3.905722615535012,65.23991102280894,3.4886681572545264,0
2023-01-10 20:00:00,1.2893026615789056,69.7507729879317,4.744027364241867,0
2023-01-10 21:00:00,3.4169281910368348,67.53586945609361,1.9688767330275505,0
2023-01-10 22:00:00,1.253521999110287,86.86312060982785,3.7132404741540554,0
2023-01-10 23:00:00,1.2081994024416527,85.66243970203371,4.453912280424192,0
2023-01-11 00:00:00,2.0934372490843,64.1168671307728,3.485545506754409,0
2023-01-11 01:00:00,2.3178250748217275,65.84510785359502,2.9358948169783696,0
2023-01-11 02:00:00,2.4874786769066666,58.613015335459295,3.8391011084661546,0
2023-01-11 03:00:00,1.4937972351550848,64.94085327535785,5.583214415403261,0
2023-01-11 04:00:00,2.574516513004271,58.34523307427446,2.935483143707932,0
2023-01-11 05:00:00,2.51502358813406,70.09536794354031,6.712264869654618,0
2023-01-11 06:00:00,2.7637244905734457,69.87745880879214,6.060784969340341,0
2023-01-11 07:00:00,1.7320587737978967,59.33582764459055,4.433154218411036,0
2023-01-11 08:00:00,3.275081751313004,55.19807099368005,4.926725712770246,0
2023-01-11 09:00:00,1.6324877018398651,68.35767823903211,4.315959422447288,0
2023-01-11 10:00:00,1.6419357416511247,66.5751201447474,3.4383794767479703,0
2023-01-11 11:00:00,3.0824384600559287,60.8372300518432,4.238463847862322,0
2023-01-11 12:00:00,2.6625264969128453,72.50946105265177,0.4872481495252785,0
2023-01-11 13:00:00,1.4691396491362725,58.9833652302499,6.85919340229632,0
2023-01-11 14:00:00,3.297395746834834,71.51515146946645,3.112218726863305,0
2023-01-11 15:00:00,1.338203119942966,79.01054077625707,3.551644582289696,0
2023-01-11 16:00:00,3.494427210220495,76.47696942360618,3.912438734510812,0
2023-01-11 17:00:00,2.0188811590655233,64.83506688946791,4.236504985312585,0
2023-01-11 18:00:00,2.7251762317707846,69.17543393653075,3.8906320555610727,0
2023-01-11 19:00:00,2.6079925049977586,64.05723900285828,1.6034643691950001,0
2023-01-11 20:00:00,3.717502399699833,70.81321177726464,2.8395234754196315,0
2023-01-11 21:00:00,3.983756542956365,93.11278879061933,4.525257491832629,0
2023-01-11 22:00:00,3.2005094576674313,44.21000804952141,5.528459438338313,1
2023-01-11 23:00:00,0.8223428660732821,81.93088169712291,4.855371512038962,0
2023-01-12 00:00:00,2.309620291152285,61.80353862071654,2.4932386391113233,0
2023-01-12 01:00:00,1.258664529904653,54.37680890997851,3.3519642663515734,0
2023-01-12 02:00:00,2.5675376818065136,51.06402175226147,3.589262342283112,0
2023-01-12 03:00:00,4.120006449543682,63.049637580112716,4.46435146909561,0
2023-01-12 04:00:00,1.4219692198813283,52.65972419550941,2.0520769177757545,0
2023-01-12 05:00:00,1.3419715943759993,68.45637494558834,3.7468414632151643,0
2023-01-12 06:00:00,2.430609581864798,62.014720199120724,2.2263735010144927,0
2023-01-12 07:00:00,2.018231616573023,75.96548097956828,3.3988149215230368,0
2023-01-12 08:00:00,1.9449416098505186,68.92718980621038,2.8509263148424218,0
2023-01-12 09:00:00,3.0422278450161144,64.74239803593039,4.233152897839363,1
2023-01-12 10:00:00,1.93079347067833,82.23506665506753,3.8646634958152957,0
2023-01-12 11:00:00,1.3006630178815077,49.42087740932657,4.495080591257162,0
2023-01-12 12:00:00,3.318079881033251,79.24977398125655,3.665647886119151,0
2023-01-12 13:00:00,2.060688524430963,51.25139865485865,3.4262772507085297,0
2023-01-12 14:00:00,2.5378924070349878,59.574097481386254,5.036225244724751,0
2023-01-12 15:00:00,1.3823266587529057,58.52496832237464,2.5604963444115993,0
2023-01-12 16:00:00,1.165915756349601,52.24825830155643,3.9665714225956616,0
2023-01-12 17:00:00,2.689303050082575,72.27627123523965,4.0739487359941196,0
2023-01-12 18:00:00,2.0590302012190764,59.683409414468265,4.830286799129753,0
2023-01-12 19:00:00,0.6243003567760166,70.02514108693964,5.100874040998385,0
2023-01-12 20:00:00,2.6210390273810273,43.04089849741731,5.748613736898596,0
2023-01-12 21:00:00,2.639303319754132,51.426404860040265,4.448622978941813,0
2023-01-12 22:00:00,2.2073224184043525,83.1250731368458,4.815701743922402,0
2023-01-12 23:00:00,2.446244073869114,96.04821108601314,5.029506324794707,0
2023-01-13 00:00:00,2.35636067644441,64.52648738205583,2.41223618785516,0
2023-01-13 01:00:00,1.1146675419887873,58.82553540901935,2.7940158666931483,0
2023-01-13 02:00:00,2.546385273624589,72.9975246021585,4.071874998711091,0
2023-01-13 03:00:00,2.5500446593306734,60.42858119454897,4.200709745964254,0
2023-01-13 04:00:00,3.418727074771047,72.16986901305422,5.561781402416846,0
2023-01-13 05:00:00,3.3685405577960283,72.42085013784953,4.487931626406397,0
2023-01-13 06:00:00,3.9418491177531965,74.60577339269254,4.350275987210444,0
2023-01-13 07:00:00,3.011087691676211,54.143772099089176,5.9842184515264165,0
2023-01-13 08:00:00,2.440829855856431,73.60180153700621,4.418998643596422,0
2023-01-13 09:00:00,2.7940681165162644,54.89307896990863,1.6392347347045222,0
2023-01-13 10:00:00,2.867696178304813,53.80053935637115,2.656508227144455,0
2023-01-13 11:00:00,3.5456033437384136,52.95440938087998,6.916253708589032,1
2023-01-13 12:00:00,2.8604764318279443,73.98432195193641,4.829678350225742,0
2023-01-13 13:00:00,2.5960051469264007,70.4077150356311,3.784304041096801,0
2023-01-13 14:00:00,2.545874808900029,73.0693595332511,3.537827905104754,0
2023-01-13 15:00:00,2.8520900491100223,54.18982085971817,1.138167058330751,0
2023-01-13 16:00:00,2.0805011807385343,67.84033545749993,5.945527106725041,0
2023-01-13 17:00:00,2.06632516487303,70.71842530427902,5.561808038881166,0
2023-01-13 18:00:00,2.5763100282546687,64.32238684291048,3.410432611242607,0
2023-01-13 19:00:00,2.6062968541293157,83.1742304282127,4.59055064178315,0
2023-01-13 20:00:00,2.908108096802737,48.17076270570222,3.8613081889913516,0
2023-01-13 21:00:00,1.554925150161539,67.12388618216366,3.5416177112384855,0
2023-01-13 22:00:00,0.9785826719797939,45.33659436352936,7.610509069518731,0
2023-01-13 23:00:00,2.519927157926388,60.96388408395579,4.893551660243076,0
2023-01-14 00:00:00,3.268863368663087,58.17590123847903,5.391661957465663,0
2023-01-14 01:00:00,1.2592699071114117,85.09702721632976,6.102742747036126,0
2023-01-14 02:00:00,2.8646774306224883,63.893289065299015,5.161817000546437,0
2023-01-14 03:00:00,3.667108055388419,60.87543817349651,1.469980114721586,0
2023-01-14 04:00:00,2.8461680258891544,63.61114730702831,5.921754422870385,1
2023-01-14 05:00:00,2.097687920182424,64.95055290161913,4.532640074210017,0
2023-01-14 06:00:00,3.1837816398128447,58.87681223827036,5.530785634645386,0
2023-01-14 07:00:00,1.233018920569162,68.66673288520593,5.76720724215601,0
2023-01-14 08:00:00,1.846957899063802,49.816615852529054,5.767826313104728,0
2023-01-14 09:00:00,2.476659094867316,60.13008472595072,3.2508611961237914,0
2023-01-14 10:00:00,3.184867336115265,66.95634644420466,2.8711373587961893,0
2023-01-14 11:00:00,2.4525773412892944,69.13546046361705,3.372920405856977,0
2023-01-14 12:00:00,3.4475797571514084,64.03312728047858,6.479604183077911,0
2023-01-14 13:00:00,1.1733634596296647,65.35813327155545,3.4753280376030347,1
2023-01-14 14:00:00,2.693406805594496,42.09384818604584,4.2395961135304,0
2023-01-14 15:00:00,1.2870214053707263,67.80305691310578,5.356989605624102,0
2023-01-14 16:00:00,1.0964498578757422,76.21812996508879,4.6697008657731,0
2023-01-14 17:00:00,2.22973417848275,77.0260766939102,2.9194267064134705,0
2023-01-14 18:00:00,2.0897436623655627,87.00894323926019,2.66431904339031,1
2023-01-14 19:00:00,4.104244928408817,63.440358771228524,4.271761207406239,0
2023-01-14 20:00:00,3.3066730829504443,53.69163249782229,2.0640432506236657,0
2023-01-14 21:00:00,0.7013791894575727,61.4763436747061,5.489995401129281,0
2023-01-14 22:00:00,4.204188789592449,75.84753397064503,6.64063871048071,0
2023-01-14 23:00:00,2.904653825420106,52.83941363370765,3.1694017966731725,0
2023-01-15 00:00:00,3.2398376755800316,70.03365589558635,6.92026291869254,0
2023-01-15 01:00:00,3.480226529775476,59.51633875531431,5.046781535619267,0
2023-01-15 02:00:00,1.844320329165642,65.2476993873449,2.7618975213763988,1
2023-01-15 03:00:00,2.0335890691675607,68.518446590634,5.75596234519576,1
2023-01-15 04:00:00,2.00248897251892,60.97122016926989,4.515309713358744,0
2023-01-15 05:00:00,2.1580630670267045,63.8211635285817,4.57252896188857,0
2023-01-15 06:00:00,1.009422231349217,67.58957936338172,6.434005780875179,0
2023-01-15 07:00:00,3.2187504585642213,50.07709657303373,6.042569116327769,0
2023-01-15 08:00:00,3.358382597038053,63.11677102252027,3.307969692014775,1
2023-01-15 09:00:00,3.6303657213749245,64.33914567894969,4.938030344714822,0
2023-01-15 10:00:00,3.457652634148159,65.77288552314891,3.5995971817386723,0
2023-01-15 11:00:00,1.8193530724109133,80.24674491864452,4.231349020337713,0
2023-01-15 12:00:00,2.4777365271512797,71.85319976384488,3.9596433429280804,0
2023-01-15 13:00:00,1.3426332153344223,79.84201016193832,4.6128546274482485,0
2023-01-15 14:00:00,1.467649301807737,63.46073649284069,4.87248472753736,0
2023-01-15 15:00:00,0.950464885198671,64.62045753288812,2.3415702576661683,0
2023-01-15 16:00:00,3.3146464312978976,71.17577591264421,3.239117004723151,0
2023-01-15 17:00:00,2.392681228092526,65.006884516227,4.290819501451018,0
2023-01-15 18:00:00,2.985837389719928,62.89112623518815,3.092782858967572,0
2023-01-15 19:00:00,1.6739080163161204,60.499214606513945,1.931956429752565,0
2023-01-15 20:00:00,3.8520444802000116,65.70274241831402,3.2353918742276857,0
2023-01-15 21:00:00,3.111548013925658,60.74182154221597,6.722608206597627,0
2023-01-15 22:00:00,2.8253135514798595,70.4990306438546,4.378107111359883,0
2023-01-15 23:00:00,2.540093182681835,58.67712884840594,5.094892872662992,0
2023-01-16 00:00:00,1.918697006556501,66.00113417046265,3.525656234769865,0
2023-01-16 01:00:00,3.8900471043043225,67.99059827547207,4.766709335619215,0
2023-01-16 02:00:00,3.3484694092117087,70.7943164456687,3.8597880974437637,0
2023-01-16 03:00:00,2.7119545112838424,45.6700284410149,5.745090121270708,0
2023-01-16 04:00:00,1.1151761997728808,69.49286563990958,4.112107237513849,0
2023-01-16 05:00:00,2.728522474869647,52.02930633937289,4.948854478251268,0
2023-01-16 06:00:00,2.3100428465526446,75.71799300370566,4.624536146244054,0
2023-01-16 07:00:00,2.701328328712121,63.189656899635715,0.10801195096734251,0
2023-01-16 08:00:00,3.8606992882141933,61.239473875272736,8.309118847328278,0
2023-01-16 09:00:00,1.898184318894602,57.16779282301878,3.2337467552735037,0
2023-01-16 10:00:00,2.611837684300576,54.37163128269749,4.028859804682898,0
2023-01-16 11:00:00,3.5730430170015333,44.248482528421654,2.6270719147553776,0
2023-01-16 12:00:00,1.6911188582955878,66.74017441978842,2.297095639401393,0
2023-01-16 13:00:00,2.3342773824427416,73.81089129574731,3.7556277848592026,0
2023-01-16 14:00:00,3.0550764920723807,75.9342673334347,5.589785459968873,0
2023-01-16 15:00:00,2.804192887808319,62.008786322588364,3.4207054969694797,1
2023-01-16 16:00:00,1.8807346565126062,65.54292584489016,3.502087033937812,0
2023-01-16 17:00:00,3.189657372340464,76.53626060891442,2.3294323018221776,0
2023-01-16 18:00:00,2.9641511845691726,77.7939784732221,3.638677535995959,0
2023-01-16 19:00:00,3.267225481712759,78.10691938273627,3.9924671184883653,0
2023-01-16 20:00:00,2.9783317450689855,59.10684436454622,4.7336647300468755,0
2023-01-16 21:00:00,2.238061822536635,69.31533084799241,3.6809813524737454,0
2023-01-16 22:00:00,2.009282970163583,71.03468245512106,4.352894505703958,0
2023-01-16 23:00:00,2.488227135378164,72.1607305118417,2.548124377967447,0
2023-01-17 00:00:00,1.6321101536901637,76.34739753584017,2.425872275858766,0
2023-01-17 01:00:00,2.152849782140366,65.25839605907332,0.7235848717812132,0
2023-01-17 02:00:00,3.7166828329298567,50.16269380757504,5.807818724076188,0
2023-01-17 03:00:00,1.4574178813113525,55.09008558474528,6.411873378272404,0
2023-01-17 04:00:00,2.9332579389622233,62.36157063519197,4.02608241276539,0
2023-01-17 05:00:00,3.3295838987061463,76.32071551496496,4.992181014235886,0
2023-01-17 06:00:00,2.2169247745645615,78.69025466465301,3.1981418913292083,0
2023-01-17 07:00:00,1.5659739054459756,56.16774522479358,2.87352421998287,0
2023-01-17 08:00:00,2.5442046155781974,52.25494962113503,2.8341365093392037,0
2023-01-17 09:00:00,2.0573707996018107,47.89259495615511,4.910805970324514,0
2023-01-17 10:00:00,3.0658388860021017,67.75655720102189,2.44725323797416,0
2023-01-17 11:00:00,1.9115723405108427,61.91578355151279,6.101631317173489,0
2023-01-17 12:00:00,3.369531267556192,50.89908236886566,6.002801447075536,1
2023-01-17 13:00:00,2.678192909116919,79.03780262490096,3.7558724659202722,0
2023-01-17 14:00:00,3.153831335711218,68.1337643822415,4.027781230427626,0
2023-01-17 15:00:00,3.6854258872435643,71.59886488809326,5.3518739133301665,0
2023-01-17 16:00:00,2.1034226371815676,79.57204748955155,4.007037204151815,0
2023-01-17 17:00:00,3.0494457617359867,66.46849372305181,4.767822804730687,0
2023-01-17 18:00:00,0.56469282587022,71.02469040585073,5.024205314621284,0
2023-01-17 19:00:00,2.201960839290905,57.619677943995825,4.918022336172021,0
2023-01-17 20:00:00,2.9107390060637437,57.853281986958436,5.021226359003884,0
2023-01-17 21:00:00,1.804098317909141,61.39463526318916,4.259866973295529,0
2023-01-17 22:00:00,2.1221272150132116,75.27827273585883,3.6758844286506838,0
2023-01-17 23:00:00,2.3844999057471368,76.99599412444161,0.7598219067311716,0
2023-01-18 00:00:00,2.134822320541335,72.12173720457226,5.277270777628564,0
2023-01-18 01:00:00,2.220431752532914,55.44355982270376,4.084235790312167,0
2023-01-18 02:00:00,2.1014325216013656,73.98896421218855,5.158844534275895,0
2023-01-18 03:00:00,3.2863711621730616,66.39432750556283,3.951449266838955,0
2023-01-18 04:00:00,3.2149392095094775,85.9390997505939,3.829368597943631,0
2023-01-18 05:00:00,1.7076591299551018,74.1131403678971,3.9862478879145185,0
2023-01-18 06:00:00,2.2890732475864874,63.933249988784375,3.890176964659604,0
2023-01-18 07:00:00,2.488663148729542,77.16307517992902,3.601474979080391,0
2023-01-18 08:00:00,2.3596964281974264,75.41241045460367,2.702900671224538,0
2023-01-18 09:00:00,2.529959259072723,41.43385787701234,3.372058761770492,0
2023-01-18 10:00:00,2.5810448385492983,54.41273453983807,5.395185698856544,1
2023-01-18 11:00:00,0.7599739450470859,69.28962924145611,3.34199790138162,0
2023-01-18 12:00:00,3.2401964390150844,53.46662846904013,3.221487671467969,0
2023-01-18 13:00:00,3.078537930454321,50.6893138058827,2.6081653500708626,0
2023-01-18 14:00:00,3.3577826450464827,69.1479671560681,6.639112731045528,0
2023-01-18 15:00:00,2.979149513546885,56.91010082660436,5.454164250555296,0
2023-01-18 16:00:00,2.596574994042928,66.72828842797601,3.0913796839109002,0
2023-01-18 17:00:00,3.0660912292369424,64.23305362274536,5.692574488708847,0
2023-01-18 18:00:00,2.119525561659748,70.83566898248502,4.197687106432524,0
2023-01-18 19:00:00,1.395353726151332,77.08396893689893,3.6863404383150056,1
2023-01-18 20:00:00,2.8476287064723276,48.25516214800106,2.3557755676111904,0
2023-01-18 21:00:00,3.2220294306018897,64.18117400837964,4.987065828508477,0
2023-01-18 22:00:00,3.1203317936456556,51.44070569536133,6.072963910296932,0
2023-01-18 23:00:00,2.540150402480991,46.223056859890626,2.3039806136134042,0
2023-01-19 00:00:00,2.5091064271640433,72.22013080364405,4.268012683292796,0
2023-01-19 01:00:00,2.7160709444638873,83.31940876219814,1.7574814098621867,0
2023-01-19 02:00:00,4.7620766456805494,73.70942318489409,4.732124794425462,0
2023-01-19 03:00:00,3.2199172633532607,61.211813363905534,0.6650313627334934,0
2023-01-19 04:00:00,1.574114725859185,54.81652280717185,6.309688125875381,0
2023-01-19 05:00:00,2.5218517089740717,62.4263205785858,2.0548802967723576,0
2023-01-19 06:00:00,2.2076289997758964,57.42290529698756,4.764236989590049,0
2023-01-19 07:00:00,2.6191599317378134,71.7143093620546,6.376577470111511,0
2023-01-19 08:00:00,3.0745416432158557,77.36169745848142,3.69559583328559,0
2023-01-19 09:00:00,2.80303827785708,66.63030489969621,3.7414187189908286,0
2023-01-19 10:00:00,2.815057168950739,67.67823452095075,3.6794308433788947,0
2023-01-19 11:00:00,2.3502790293603386,73.48334296222578,0.9905391499495075,0
2023-01-19 12:00:00,1.3115634811939192,74.01191400142484,4.150618284730715,0
2023-01-19 13:00:00,2.1148213697650107,59.39311705333414,-0.02868792885794491,0
2023-01-19 14:00:00,2.5126957380912858,69.56494722749602,2.1727831285300017,0
2023-01-19 15:00:00,0.728877117949311,75.50753352502502,2.596423044206136,0
2023-01-19 16:00:00,2.365054958204335,87.3809834959687,5.846589826737631,0
2023-01-19 17:00:00,3.2991281613120145,56.549953823622175,5.095677599733033,0
2023-01-19 18:00:00,3.2986248201481163,79.42529040377642,6.066732757830443,0
2023-01-19 19:00:00,1.5357134883554924,74.99521275785646,3.0449615964848933,0
2023-01-19 20:00:00,2.4375863353586817,74.42549781126868,4.605313506041444,0
2023-01-19 21:00:00,2.14881758000985,66.12472566568097,5.41439898108637,0
2023-01-19 22:00:00,1.7947173152548799,72.55802245292021,4.784801516287812,0
2023-01-19 23:00:00,2.8472366086374166,53.579199866525265,5.716736388769844,0
2023-01-20 00:00:00,1.8191823062915788,67.96589475568092,4.536560265299385,0
2023-01-20 01:00:00,2.748429133825307,66.07827078365735,3.905364831125232,0
2023-01-20 02:00:00,3.6218419560068305,65.54339717234465,4.1184971924361955,0
2023-01-20 03:00:00,0.8605295412310108,59.13209440922928,2.1066451982050944,0
2023-01-20 04:00:00,3.2592235111325465,60.488874393753726,4.355079912395489,0
2023-01-20 05:00:00,1.5899130560353951,58.084918362604256,2.019356062511585,1
2023-01-20 06:00:00,3.8415322053127117,59.57025310121745,4.359862246754589,0
2023-01-20 07:00:00,2.9162143851562714,53.98085089927309,4.204299942270547,0
2023-01-20 08:00:00,3.101803034804248,59.114433001740096,3.744173969086809,1
2023-01-20 09:00:00,0.9486173821270485,49.1701997345947,3.0020615461232985,0
2023-01-20 10:00:00,2.734781505036308,61.466849838747244,6.460363101253559,0
2023-01-20 11:00:00,2.447258267271028,67.14685462292739,4.831948673572876,0
2023-01-20 12:00:00,2.3606331032437438,70.3607958003582,4.270776403389638,0
2023-01-20 13:00:00,1.827395037727615,65.62445157369453,2.6043219351391977,1
2023-01-20 14:00:00,2.378173391684893,70.20298027853303,3.923902484804122,0
2023-01-20 15:00:00,0.7009907805675715,62.384746632126,2.4311369213853276,0
2023-01-20 16:00:00,2.84121327287538,64.95222654790666,2.0328976563107717,0
2023-01-20 17:00:00,2.011837096002727,89.87098524112733,1.5770950369006598,0
2023-01-20 18:00:00,2.6763349805534,65.3791732588489,2.9104904280469235,0
2023-01-20 19:00:00,1.9417306506557899,72.23801645614026,3.1908887663522627,0
2023-01-20 20:00:00,2.6930658014201674,45.47690784197529,8.095633067467922,0
2023-01-20 21:00:00,2.650328971086945,38.499875072327654,4.56897263668998,0
2023-01-20 22:00:00,3.40989831247946,81.23407338759611,3.072183200788672,0
2023-01-20 23:00:00,3.829078863552154,55.00064924861871,4.934519231079798,0
2023-01-21 00:00:00,2.0133043632261445,53.754426543416656,2.5466015999014044,0
2023-01-21 01:00:00,2.9509209238123857,67.31794123269017,2.589309965246917,0
2023-01-21 02:00:00,3.0522138724058694,67.44639710220927,4.7427509714543294,1
2023-01-21 03:00:00,2.3547532968708342,65.78477259275842,5.211532922438413,0
2023-01-21 04:00:00,2.8357317394247534,41.89575939571595,5.643798431973285,0
2023-01-21 05:00:00,2.9425606760094927,68.71719065840293,5.015889441316176,0
2023-01-21 06:00:00,3.3650869571638156,65.94808068744977,4.770792859292419,0
2023-01-21 07:00:00,3.1535949900179294,60.73650940063663,0.8862806080404733,1
2023-01-21 08:00:00,1.6389635434467356,66.60250532145443,2.6013100834198486,0
2023-01-21 09:00:00,4.472664265087366,54.17293370826862,4.587924436866418,0
2023-01-21 10:00:00,1.8215435061027878,70.8615488594358,3.884069230644214,0
2023-01-21 11:00:00,2.2828047485538114,69.41455767030773,4.775492736771226,0
2023-01-21 12:00:00,2.937443867113199,58.825010257849,3.4796843527627166,0
2023-01-21 13:00:00,2.120443333902991,71.22827623719894,3.904151221023376,0
2023-01-21 14:00:00,3.0625963473772884,97.72112323681895,5.998612292033011,1
2023-01-21 15:00:00,3.055252039464964,68.01949447437953,4.869846705336635,1
2023-01-21 16:00:00,2.949353766814483,66.91965364944667,6.289208866340804,0
2023-01-21 17:00:00,4.251568851629578,35.50960092118751,5.613063251847315,0
2023-01-21 18:00:00,2.049630880715795,47.00236825372534,4.582216613522832,0
2023-01-21 19:00:00,2.160815224821988,46.006198056272375,5.172484242835294,0
2023-01-21 20:00:00,2.3764690131159294,64.11652839326314,4.279610805774434,0
2023-01-21 21:00:00,2.951646642726845,75.61133114523611,7.161079340188497,0
2023-01-21 22:00:00,2.2419309697657153,64.39588818236749,3.756042112680747,0
2023-01-21 23:00:00,2.6292497340064775,77.12346654526144,5.164476892591429,0
2023-01-22 00:00:00,2.6027130546568915,84.46762871385604,3.864147166550641,0
2023-01-22 01:00:00,1.7813585643110112,57.72851140848065,3.3188936946081826,0
2023-01-22 02:00:00,1.388179068623642,66.71092345805964,2.807409032558809,0
2023-01-22 03:00:00,3.198436769004293,52.18007360284624,3.4481023878830053,1
2023-01-22 04:00:00,2.38585616864351,74.93638076299023,4.327290084851414,0
2023-01-22 05:00:00,3.3353366792681096,72.9247326045785,2.7287508656017887,0
2023-01-22 06:00:00,2.8920639967545343,77.3728611703687,4.961307462563087,1
2023-01-22 07:00:00,3.7069531564840013,54.17399358526909,5.874107842893577,0
2023-01-22 08:00:00,1.934908299025703,61.000001805858716,4.988783844635624,1
2023-01-22 09:00:00,1.9820791838067593,61.05041940313141,5.086062757125678,0
2023-01-22 10:00:00,1.4332913536832532,76.97672458652455,3.5815759283656328,0
2023-01-22 11:00:00,2.505934651112923,76.89163234503748,4.6619720811380825,0
2023-01-22 12:00:00,2.147614195406029,65.86564028948806,0.5424236145335781,0
2023-01-22 13:00:00,1.7068802866391493,59.58863024502888,4.972699333463764,0
2023-01-22 14:00:00,2.502473238874892,77.39377630684847,3.2894607083421645,0
2023-01-22 15:00:00,2.40204102732238,54.964910756248244,3.7174142985824346,0
2023-01-22 16:00:00,2.5799095858080285,56.459139729835684,4.643734042497911,0
2023-01-22 17:00:00,2.530732171397706,75.06084004918274,3.6131166272481003,0
2023-01-22 18:00:00,3.214200436177643,75.34646789295694,4.06124730726363,0
2023-01-22 19:00:00,2.2037771571095592,64.79426109238324,1.936885471502733,0
2023-01-22 20:00:00,3.1705220756802595,49.46792250152606,4.6653463244762,0
2023-01-22 21:00:00,3.202169188624463,64.02002387344764,3.8940039911181117,0
2023-01-22 22:00:00,3.4971297110877626,69.8284241331347,5.860366008224048,0
2023-01-22 23:00:00,1.968320416144155,49.02011010906887,6.333457219907041,0
2023-01-23 00:00:00,2.169468153501811,55.64243454439228,4.827465450361692,1
2023-01-23 01:00:00,2.2294836454854527,57.18471785578176,3.017988346572748,0
2023-01-23 02:00:00,2.209443120611274,60.897752832707745,2.697869520085965,0
2023-01-23 03:00:00,1.5130212712437472,56.17981845498756,1.1441046321656687,0
2023-01-23 04:00:00,1.6396697092538308,74.25360197087731,4.744761734843736,0
2023-01-23 05:00:00,3.43017590637354,67.00935861807437,6.731220846299008,0
2023-01-23 06:00:00,2.623275154175724,76.43149929225,5.631341543091613,0
2023-01-23 07:00:00,4.80052376940572,72.82591095943414,4.545996645316157,0
2023-01-23 08:00:00,3.171697087009205,66.80051372858887,5.559924150133953,1
2023-01-23 09:00:00,1.5617547223516937,89.77531115649751,6.584526817349843,0
2023-01-23 10:00:00,2.054768975363367,51.038444797986536,4.075979070733215,0
2023-01-23 11:00:00,1.5383800715933482,49.327616100597794,7.862631439209368,0
2023-01-23 12:00:00,2.781682899911772,74.21984093446363,-1.2981917370776737,0
2023-01-23 13:00:00,3.0433116803327738,72.88734437993115,2.9127577532871074,0
2023-01-23 14:00:00,2.960060114566548,68.04038702294123,2.9597632962145095,0
2023-01-23 15:00:00,2.983417583887145,75.77673051498597,3.5755171318674286,0
2023-01-23 16:00:00,2.64804875530602,60.81167877666309,3.8215421742086972,0
2023-01-23 17:00:00,0.7125803858851512,65.88554849726133,2.771801639927563,1
2023-01-23 18:00:00,2.3636774464348305,69.56278154385615,1.553013278545201,0
2023-01-23 19:00:00,2.309660737545561,49.78379877401325,4.986850246905657,0
2023-01-23 20:00:00,2.435789419821625,48.521353218822256,4.351517311831243,0
2023-01-23 21:00:00,3.077755441366196,46.94727805275522,4.259574024376553,0
2023-01-23 22:00:00,1.6720540931968813,77.14127850651566,2.5138842104772596,0
2023-01-23 23:00:00,2.473892255113066,35.710833814052165,4.0407797173167,0
2023-01-24 00:00:00,2.4422211890955294,62.209962792762006,6.0982856345230125,1
2023-01-24 01:00:00,2.6530173514539053,66.51053884277239,4.388627109855492,0
2023-01-24 02:00:00,2.629349061436897,49.82974967236766,4.015362753661892,0
2023-01-24 03:00:00,3.671871335967589,49.349542588581045,5.7206949022678515,0
2023-01-24 04:00:00,2.2701974484587333,54.6290920629731,6.961951001017791,0
2023-01-24 05:00:00,2.5911615342926075,91.15117080688154,4.443443840996994,1
2023-01-24 06:00:00,2.4647583687823182,62.56464742621255,4.286951091082103,0
2023-01-24 07:00:00,4.295752193400448,61.02362985682613,3.11344335134444,0
2023-01-24 08:00:00,1.4633105973511986,68.91119312185808,4.38415720642528,0
2023-01-24 09:00:00,4.643171239025799,40.18541503798659,5.7318887627818205,0
2023-01-24 10:00:00,3.352039688194336,60.50868562832002,2.5918593949784885,0
2023-01-24 11:00:00,1.777895445422773,72.08843873904708,3.310886946118607,0
2023-01-24 12:00:00,2.4840720945018195,59.699525810056215,5.2436846103556345,0
2023-01-24 13:00:00,1.4615480198979682,59.63449905266813,5.015457373985715,0
2023-01-24 14:00:00,1.6673450695707306,52.01525676588416,3.072237993011374,0
2023-01-24 15:00:00,2.950530408882852,75.98443866647169,2.0620206135844796,0
2023-01-24 16:00:00,2.349639155534413,58.216424762258825,4.500921493230576,0
2023-01-24 17:00:00,3.4211294498344813,75.23370428623456,3.368396103144882,0
2023-01-24 18:00:00,3.1721858136004184,89.59472976352473,4.564629567185633,0
2023-01-24 19:00:00,2.7277447285124246,74.25820083946876,3.1442462266708304,0
2023-01-24 20:00:00,3.136178504046794,70.0092255749248,3.816650729591666,1
2023-01-24 21:00:00,2.051371043835675,61.795309576356765,3.7031937026577166,0
2023-01-24 22:00:00,3.1606303274462406,68.41084660672632,6.550931122354058,0
2023-01-24 23:00:00,2.7688236094836522,62.06871532157596,2.233824129863165,0
2023-01-25 00:00:00,2.004463912543286,64.12883750970622,4.371486610788769,0
2023-01-25 01:00:00,2.551182891210463,52.34311095623309,4.606324957842231,0
2023-01-25 02:00:00,1.753987818529348,61.46620135881024,3.437602739947506,1
2023-01-25 03:00:00,3.639311863112925,50.966791800545636,3.0062350054150606,0
2023-01-25 04:00:00,2.9100727521489085,64.93926608493646,4.473041620433088,0
2023-01-25 05:00:00,1.487706040359975,57.59213822937394,1.1238600490522472,0
2023-01-25 06:00:00,3.876526572835708,65.8784684243695,3.2865007470084864,0
2023-01-25 07:00:00,2.5165929192866523,60.38761473160702,4.962988663404719,0
2023-01-25 08:00:00,2.225254153631062,80.09784278039977,4.520691198075104,0
2023-01-25 09:00:00,2.2333261591028712,44.34215716260809,3.9454570104571745,0
2023-01-25 10:00:00,2.1338707702798736,71.03505305420289,4.847741660965229,0
2023-01-25 11:00:00,2.289241688472461,81.57459727237168,5.3548822179824676,1
2023-01-25 12:00:00,2.662643261668729,64.81066231245828,1.3091430746566401,0
2023-01-25 13:00:00,3.043092593552389,73.87934515391962,4.258645371297078,0
2023-01-25 14:00:00,1.48359015526456,87.61042983644556,2.2275871726231973,0
2023-01-25 15:00:00,3.65913230491014,74.00874418484644,3.3249770164306254,0
2023-01-25 16:00:00,1.1968042628920104,66.25506179350045,4.344381435237132,0
2023-01-25 17:00:00,2.2151649459907263,62.449148956554495,0.8066685323456966,0
2023-01-25 18:00:00,3.5657894368785463,74.13805073056751,5.89762443246471,0
2023-01-25 19:00:00,4.443225428042966,76.3070545537194,-1.2677379921705647,0
2023-01-25 20:00:00,2.5425859897558847,58.0508618496196,4.8427730320380205,1
2023-01-25 21:00:00,1.9234360798049175,54.250128661206666,2.7354431335448446,0
2023-01-25 22:00:00,2.789277900437734,60.942124598149896,6.424817931441429,0
2023-01-25 23:00:00,2.3807129896707067,58.403494110419174,3.3463721963244875,0
2023-01-26 00:00:00,2.695849719067058,65.16427186770863,6.076951806749263,0
2023-01-26 01:00:00,1.2126567846986642,48.41102673447719,6.061507042417368,0
2023-01-26 02:00:00,1.6866455020698652,62.25691242059697,2.615412469363481,0
2023-01-26 03:00:00,1.2501911654005948,63.445736343941945,4.75502226143627,0
2023-01-26 04:00:00,2.8195273024627703,83.447234500618,3.0102636588873177,0
2023-01-26 05:00:00,3.433358650301674,72.63962469839429,4.1836508286985,0
2023-01-26 06:00:00,2.691476111631797,76.61517783879177,4.0073596278181425,0
2023-01-26 07:00:00,2.4987782752189145,67.02720811576641,2.551412247162586,1
2023-01-26 08:00:00,1.8838463201816147,55.84694533780265,5.8430000440130225,0
2023-01-26 09:00:00,1.8544273288704574,57.02810391311904,2.638290834664738,0
2023-01-26 10:00:00,3.277303937280556,71.81937285504901,4.855629015246659,0
2023-01-26 11:00:00,2.1234616964298945,73.35812460939674,3.7700359138261947,0
2023-01-26 12:00:00,3.254082143487032,68.47390507569033,1.1980177925294004,1
2023-01-26 13:00:00,1.464020070028305,73.33943930784991,6.744292160893599,0
2023-01-26 14:00:00,1.9566508203310877,46.36411552563824,6.900180308124222,0
2023-01-26 15:00:00,2.4664956128608293,79.53379879846075,5.67740389231715,0
2023-01-26 16:00:00,2.2440120154126304,49.01033045093491,4.687685667352597,0
2023-01-26 17:00:00,1.6814814793924064,58.82344015628015,4.31872336741642,1
2023-01-26 18:00:00,1.7238131580827813,58.52841333023252,5.111671363512848,0
2023-01-26 19:00:00,1.971848248825927,76.41557401722966,6.5681540091763955,0
2023-01-26 20:00:00,2.396477278465468,73.24999204473191,3.4386319651364077,1
2023-01-26 21:00:00,4.068247140235043,65.68762905531516,4.826744721018844,0
2023-01-26 22:00:00,2.340633251761666,61.10574162708573,4.317710347121725,0
2023-01-26 23:00:00,4.798630805846063,60.916002151336784,6.049050996432841,0
2023-01-27 00:00:00,1.2572863023499181,82.65302056800361,2.6270034393290635,0
2023-01-27 01:00:00,2.932461664552619,76.78923277983095,5.546754400755092,0
2023-01-27 02:00:00,1.1622532309832987,56.65924975285858,8.73890426334533,1
2023-01-27 03:00:00,3.0352931682590985,61.753332652141516,3.6372784036983434,0
2023-01-27 04:00:00,3.095647423578406,62.50379790459732,2.6824167667106096,0
2023-01-27 05:00:00,2.4781288212027572,55.18536161996461,3.764380477827594,0
2023-01-27 06:00:00,1.4963901168816196,66.7638406032216,-0.22155678508779708,0
2023-01-27 07:00:00,3.390786103833636,55.55156434140328,5.416521253089014,0
2023-01-27 08:00:00,3.246211897122684,64.18834132114,4.203809516465121,0
2023-01-27 09:00:00,3.0104090639105276,67.00069062723905,1.4063608067266236,0
2023-01-27 10:00:00,2.4857842887901147,45.82105723315552,7.761971740814374,0
2023-01-27 11:00:00,3.224321356024669,54.349571797435765,6.58558968548498,0
2023-01-27 12:00:00,4.687594140772783,84.41092311688706,6.101890298822647,0
2023-01-27 13:00:00,0.9081687495626418,62.41659004091602,2.3317404487941307,0
2023-01-27 14:00:00,2.034865379082108,66.41273820923568,2.9210231719523883,0
2023-01-27 15:00:00,3.2248064191502577,74.62677012415968,7.189710946035607,0
2023-01-27 16:00:00,2.7824723083486735,62.797085263953704,2.245978411935843,0
2023-01-27 17:00:00,3.293223836787763,53.27305720465419,4.845443314648483,0
2023-01-27 18:00:00,3.569870659939414,56.21199201261851,4.097144089113675,0
2023-01-27 19:00:00,2.706452810337672,75.26747450945228,3.0614785566948237,0
2023-01-27 20:00:00,2.965155968415168,61.48129819325,3.2985471577614636,0
2023-01-27 21:00:00,0.9503756468331312,62.248104462540525,5.285036744442397,0
2023-01-27 22:00:00,2.5355171309694784,67.9237112235019,4.769975660908955,0
2023-01-27 23:00:00,2.2613069041493663,62.941454228730485,4.499389653612711,0
2023-01-28 00:00:00,2.038576448193967,46.30580023649008,5.357115666858107,0
2023-01-28 01:00:00,1.6279891183636779,66.36418412285036,1.847140693909791,0
2023-01-28 02:00:00,2.120731740349111,76.95917926503947,1.2398817152746062,0
2023-01-28 03:00:00,2.548788819503875,39.699207135801686,3.9195779698997724,0
2023-01-28 04:00:00,3.386674384166162,50.47206341077202,1.4101713748351106,0
2023-01-28 05:00:00,1.8181271885331256,49.55875455539712,1.2697872746008314,0
2023-01-28 06:00:00,2.41853635953246,64.49070390809452,3.5805605182993685,0
2023-01-28 07:00:00,2.2990911609030436,73.09953778220408,3.915235492125478,0
2023-01-28 08:00:00,3.3921171097614344,50.15969157568688,5.377451350793839,0
2023-01-28 09:00:00,2.5454446458440367,50.96153956024176,4.273727021006796,0
2023-01-28 10:00:00,2.4141119172432575,63.75739128951735,5.042094488192275,0
2023-01-28 11:00:00,2.851448659066295,76.19402539369446,3.296564575617764,0
2023-01-28 12:00:00,2.8036998513753715,62.852737295896624,5.495812339281853,0
2023-01-28 13:00:00,3.59782082830845,68.44740142213486,5.575752269073786,0
2023-01-28 14:00:00,1.7717096425320493,74.39893853607963,2.876625316124894,0
2023-01-28 15:00:00,2.8497215345182894,63.50533562739246,5.4696600457175295,0
2023-01-28 16:00:00,3.153859323747333,55.58221528921689,4.299447363580336,0
2023-01-28 17:00:00,1.9258506784924831,63.977634035477564,3.5629951560069966,0
2023-01-28 18:00:00,1.3043648943972257,71.19053988967369,2.7175982936507967,0
2023-01-28 19:00:00,3.455361010312708,66.18822135368886,-0.12063283972682637,0
2023-01-28 20:00:00,0.11442636259280947,58.97537122475249,6.04781624117641,0
2023-01-28 21:00:00,2.068828310920348,63.72431217992727,5.675865493264127,0
2023-01-28 22:00:00,3.0865412300494652,70.22266176036531,4.481135514938388,0
2023-01-28 23:00:00,3.0756082957041038,59.464561700946334,4.4596208640722335,0
2023-01-29 00:00:00,3.168551332686539,60.82535912013168,4.889031350703432,1
2023-01-29 01:00:00,2.133709948173961,52.90131222655843,3.8890266546138457,0
2023-01-29 02:00:00,0.9349835117186045,72.96918734070704,5.144946064013679,0
2023-01-29 03:00:00,2.957439760160946,72.92665591589109,5.70239843572803,1
2023-01-29 04:00:00,2.524180307494197,65.30714489177002,0.33430662927211685,0
2023-01-29 05:00:00,2.704592236571505,69.08612581572446,7.762126128826187,0
2023-01-29 06:00:00,2.751450743277282,73.16707652286338,2.5335356591638485,0
2023-01-29 07:00:00,2.656543596915235,74.89018413322901,4.885883349032415,0
2023-01-29 08:00:00,2.7421700017861577,50.965783348648706,5.410386638095283,0
2023-01-29 09:00:00,3.830721278377158,77.01212936746128,2.257777400826857,0
2023-01-29 10:00:00,1.4415604224607703,85.0912112857597,6.552312950405455,0
2023-01-29 11:00:00,3.6812677873289266,80.82552609980995,3.031478651387086,0
2023-01-29 12:00:00,4.529983242560203,36.29640358102786,4.049224320994099,0
2023-01-29 13:00:00,3.5474999377451955,59.60238442838888,5.172650178369169,0
2023-01-29 14:00:00,2.4983845290932822,45.83649092324838,5.838473659653243,0
2023-01-29 15:00:00,2.798553214708213,52.91141899483364,5.635606564827734,0
2023-01-29 16:00:00,1.6617626033949122,52.69069845580443,1.6145233946969624,0
2023-01-29 17:00:00,2.743828483115037,71.39030496232587,4.445015420294953,0
2023-01-29 18:00:00,3.3259526247105136,64.22539930465146,5.757985274890396,0
2023-01-29 19:00:00,3.1549429829459923,68.12439522821208,1.6622648310840074,0
2023-01-29 20:00:00,3.0054792855553876,70.80303334682407,4.078703810518419,0
2023-01-29 21:00:00,2.1659219655786552,59.40520621642682,5.452099309897356,0
2023-01-29 22:00:00,1.98862366399168,65.45629141751154,5.96517840562853,0
2023-01-29 23:00:00,2.7081100922888344,49.597217426042064,3.873701952827754,1
2023-01-30 00:00:00,3.147891919078484,67.5965934423408,3.7589187815643528,0
2023-01-30 01:00:00,2.295105819298857,69.97342762556144,5.335772783401724,0
2023-01-30 02:00:00,3.5598126795248772,63.324315994106996,1.5339295172212388,0
2023-01-30 03:00:00,1.9324420492502337,62.96135089582755,3.9725894679300238,1
2023-01-30 04:00:00,2.6491339379397023,53.113268899097356,6.158156522939626,0
2023-01-30 05:00:00,1.7690667909558107,48.83379248701519,3.2177323537529534,0
2023-01-30 06:00:00,2.283383503829443,70.86679342347301,3.5496658082038675,0
2023-01-30 07:00:00,2.0788027041210504,75.13417279475405,5.063193306003088,0
2023-01-30 08:00:00,3.2695500857041426,72.06073623645939,1.1421244677888174,0
2023-01-30 09:00:00,3.0484623705042146,41.54258226812644,1.8581671592161224,0
2023-01-30 10:00:00,2.7598761503664244,64.87369905962971,4.727688839178813,0
2023-01-30 11:00:00,3.0416064445515514,74.65131604223428,7.320280533173273,0
2023-01-30 12:00:00,3.358756951294979,64.29416721293171,2.5238812913928763,0
2023-01-30 13:00:00,1.1871913618074093,56.97419547079372,6.377496044727211,0
2023-01-30 14:00:00,3.1036548089188756,61.54384585212797,5.497391935878062,0
2023-01-30 15:00:00,1.3937956548349542,73.8847213788334,3.355825074294499,0
2023-01-30 16:00:00,2.3565229757095816,66.65351066503013,6.902118919302959,1
2023-01-30 17:00:00,3.2369743331734413,58.52155237052028,5.427811055066107,0
2023-01-30 18:00:00,3.4904266126962837,54.37526141024648,3.982258461080085,0
2023-01-30 19:00:00,2.8880087373523304,56.16788787063328,4.2278251340476505,0
2023-01-30 20:00:00,2.2749204448788327,71.45512173369687,4.098733841047648,0
2023-01-30 21:00:00,1.7713351069130048,69.20592385241376,3.8294320181868193,0
2023-01-30 22:00:00,2.7052078737984644,55.41947368325213,3.1948294795676118,0
2023-01-30 23:00:00,2.73700452602735,53.5146846969491,5.217819945297197,0
2023-01-31 00:00:00,3.537637095381297,53.64256615926615,7.149482420358989,0
2023-01-31 01:00:00,2.6768643344910394,67.58452769434068,3.8631212533441355,0
2023-01-31 02:00:00,1.7174680106718396,76.99634896823538,3.5987786917935933,0
2023-01-31 03:00:00,3.392624105744577,57.98908582038914,4.111924073131526,0
2023-01-31 04:00:00,2.8419457985847565,73.32674739308013,2.5214034085008885,0
2023-01-31 05:00:00,1.439782919085448,71.21260835674991,6.349685961070493,0
2023-01-31 06:00:00,0.9238358940009892,56.385981751925996,6.568130475541661,0
2023-01-31 07:00:00,1.4477460392235193,60.91237195425476,2.667604658064165,0
2023-01-31 08:00:00,3.5063278746209248,73.33367482556557,3.9226438018640613,0
2023-01-31 09:00:00,2.8231102546454485,67.66601765242459,4.729819696706741,0
2023-01-31 10:00:00,2.959242860717191,47.66367496488047,4.52176009826797,0
2023-01-31 11:00:00,2.1396854577220306,71.91247824842908,4.166707852600926,1
2023-01-31 12:00:00,3.144144482203212,61.813183333515,4.367545775498808,0
2023-01-31 13:00:00,1.5520341487186173,53.87530453946358,3.502135850027884,1
2023-01-31 14:00:00,3.072629522776383,59.67608835748894,4.3369241248491575,0
2023-01-31 15:00:00,3.7861689388886797,53.144659348337484,1.939928660798866,0
2023-01-31 16:00:00,2.8059494228067687,58.408673536869635,4.747848372510685,0
2023-01-31 17:00:00,1.6870727470219096,63.58941378810006,5.118756999391858,0
2023-01-31 18:00:00,1.1085836564867375,72.2907159551047,5.692663747558025,0
2023-01-31 19:00:00,1.4939198785304624,74.78617345564582,3.6352843357153324,0
2023-01-31 20:00:00,2.7216473106381684,52.65670031917297,4.442548006040271,0
2023-01-31 21:00:00,5.743719585133907,93.66998175671692,5.694537001100585,1
2023-01-31 22:00:00,3.029518835998378,59.480804277807366,3.4854147614178816,0
2023-01-31 23:00:00,2.1293560511158276,67.85423006454961,5.850562158449872,0
2023-02-01 00:00:00,3.472697595236684,60.14591278916454,1.5008473887278426,0
2023-02-01 01:00:00,2.649019707644918,59.16616640929744,2.897152533158226,0
2023-02-01 02:00:00,2.7329283431761557,67.0010220207014,5.945206655635252,0
2023-02-01 03:00:00,2.384006787771301,69.85952775993319,2.602765057993918,0
2023-02-01 04:00:00,3.0168386807030334,73.16842291847311,3.5602876993052104,0
2023-02-01 05:00:00,2.5520146731962794,48.87981507455638,7.5020173337954015,0
2023-02-01 06:00:00,2.2604806463870366,50.58814802151134,3.9548117063436505,1
2023-02-01 07:00:00,3.2876828069666146,58.03402468402041,4.374407189874328,0
2023-02-01 08:00:00,2.837763589497688,52.19056143315297,2.5139285990716362,0
2023-02-01 09:00:00,1.5059955014421527,69.52618478503038,3.9611322477055535,0
2023-02-01 10:00:00,4.345725687404868,57.35585203110789,2.3015893780041603,1
2023-02-01 11:00:00,3.0228786836715873,56.01558245026254,2.913847856306746,0
2023-02-01 12:00:00,2.5467909118735634,62.43451193779371,4.968203758509665,0
2023-02-01 13:00:00,3.257284915318497,67.25268922265117,8.314308038056051,0
2023-02-01 14:00:00,3.8108633219703028,79.11993156988368,6.177412283735304,0
2023-02-01 15:00:00,2.206626702198348,47.13196641084269,5.793549380946681,1
2023-02-01 16:00:00,1.2127348905267061,56.07747301562512,4.065016439869312,0
2023-02-01 17:00:00,2.208843144711607,67.18461136637497,5.3300372003037975,0
2023-02-01 18:00:00,1.2621038777575697,67.618452235446,4.365423249563042,0
2023-02-01 19:00:00,3.7658898936304697,66.275634656841,4.398490724059169,0
2023-02-01 20:00:00,3.000340107364639,70.91349055115417,5.345575556836458,0
2023-02-01 21:00:00,2.142171664718228,68.44721876969598,6.028810543545315,0
2023-02-01 22:00:00,2.4242292834312584,70.32532305366608,7.607497569675153,0
2023-02-01 23:00:00,2.7872849393869528,69.01367593873694,1.0896675441880248,0
2023-02-02 00:00:00,2.180473007362366,71.60225794498362,2.706520110359147,0
2023-02-02 01:00:00,2.526189725567367,64.36900767493279,4.924110287434635,0
2023-02-02 02:00:00,2.0273531684798325,70.1264370449934,4.113793109335369,0
2023-02-02 03:00:00,2.5120423354859684,92.9002795272716,3.5740119117197606,0
2023-02-02 04:00:00,2.175185008561928,71.5075911027913,4.111611236230499,0
2023-02-02 05:00:00,1.7035070019018694,63.40566345381167,5.3848001447788345,0
2023-02-02 06:00:00,2.032034188237214,22.75267107302173,3.955843147138398,0
2023-02-02 07:00:00,2.8949733863280502,64.24484804192717,4.034579242370761,0
2023-02-02 08:00:00,3.53458836100449,69.92034356129146,4.853964581380633,0
2023-02-02 09:00:00,2.2862280883241004,64.55411223725028,3.3034624828008035,0
2023-02-02 10:00:00,1.9995393946880358,62.78069970150567,1.1473032284476314,0
2023-02-02 11:00:00,1.2340472629407322,68.60028301689462,4.617798320571993,0
2023-02-02 12:00:00,2.7842468380437073,74.89522612455667,2.15845831138151,0
2023-02-02 13:00:00,2.478479901353889,41.35070963841279,3.8958810862779942,0
2023-02-02 14:00:00,2.556240349637148,62.45964870395372,4.832879336794739,0
2023-02-02 15:00:00,1.4897574545281034,71.72861439448411,2.5733087150886,0
2023-02-02 16:00:00,2.578333782151413,68.9622912181541,5.02939403176746,0
2023-02-02 17:00:00,2.0195677945594706,68.27098368507355,0.9321491884467763,0
2023-02-02 18:00:00,3.451424147135883,85.42807246814482,5.22619115663561,0
2023-02-02 19:00:00,3.461215182233948,51.00902536042207,3.4560092649884484,0
2023-02-02 20:00:00,2.165103160604138,51.672055616752644,5.5494463696939675,0
2023-02-02 21:00:00,2.8915112743401945,68.0401795736646,3.590013654075989,0
2023-02-02 22:00:00,2.071411236041332,76.54044698239795,4.964077103867558,0
2023-02-02 23:00:00,1.8518822131551993,65.8899607624165,2.7468470367378828,0
2023-02-03 00:00:00,3.494451132186718,80.36733597727293,6.4427656365287795,1
2023-02-03 01:00:00,2.0061327259811432,82.49789826217267,3.3401901076487985,0
2023-02-03 02:00:00,2.1017480370684853,50.27983543732533,3.174586844662689,0
2023-02-03 03:00:00,2.8884451455905,76.61818203820496,4.060101848750951,0
2023-02-03 04:00:00,1.6788060222368073,71.13067424989076,3.7503831485970394,0
2023-02-03 05:00:00,2.8530334675351114,50.4326796505064,0.8083414300960463,0
2023-02-03 06:00:00,0.8581756237979092,69.67203243386031,5.6926875563404735,0
2023-02-03 07:00:00,2.2489890374813637,94.83390444689334,6.6135435954382,0
2023-02-03 08:00:00,3.049152588264211,74.43778591206751,6.312633217558691,0
2023-02-03 09:00:00,1.2213149297029626,75.37146547010485,5.189394225677692,0
2023-02-03 10:00:00,1.539134171756988,58.00033559224712,5.310009728204282,0
2023-02-03 11:00:00,2.376505020112252,66.75104804508038,3.087634952097819,0
2023-02-03 12:00:00,1.5163176226135833,65.80377460558289,3.2532779854450875,1
2023-02-03 13:00:00,2.358830711771897,58.669604855276916,4.0488372773748775,0
2023-02-03 14:00:00,3.0702026772583593,72.96576172611003,4.4750110953078055,1
2023-02-03 15:00:00,3.2150492498787075,77.18824546775495,5.498698863916508,0
2023-02-03 16:00:00,0.5765866837703171,56.63070838041503,4.901116318274198,0
2023-02-03 17:00:00,2.9297538148993505,72.60785423036462,5.104280009656776,0
2023-02-03 18:00:00,1.679695855145774,67.49685411029299,4.514117717292614,0
2023-02-03 19:00:00,2.024768090049543,72.25436335655384,5.460681711755939,0
2023-02-03 20:00:00,2.8491869119545314,67.56350934135685,7.429590487917194,0
2023-02-03 21:00:00,1.9522666882347206,71.14999104396897,2.471598559476311,0
2023-02-03 22:00:00,2.5223789977232944,64.88201825058623,5.913486142422739,0
2023-02-03 23:00:00,2.874739730657569,53.49970994122483,4.2442712308699635,0
2023-02-04 00:00:00,2.6187536156093056,59.36118937012955,3.7405659386480705,0
2023-02-04 01:00:00,3.2147682839445446,98.49945170765822,11.86863285333292,1
2023-02-04 02:00:00,0.22860721521367866,70.15497228054743,5.95250256526412,0
2023-02-04 03:00:00,0.9774913260030456,69.59956175902431,4.558550495112147,0
2023-02-04 04:00:00,2.5151103130144765,76.82359003548204,6.3072394726810606,0
2023-02-04 05:00:00,2.510388223606613,55.32331721521539,4.31086917708935,0
2023-02-04 06:00:00,1.9413927096130235,66.01380218667072,2.4830969298021377,1
2023-02-04 07:00:00,1.1802227634137628,64.30594516497007,2.551016066119126,0
2023-02-04 08:00:00,1.6322738055830568,67.39008543545859,1.4775330529471207,0
2023-02-04 09:00:00,1.777456351580938,52.18760433166662,3.538558752649563,0
2023-02-04 10:00:00,1.375596717547451,64.55555525253214,2.538930203828208,0
2023-02-04 11:00:00,2.4051638895173597,81.43711854667042,3.567116616572814,0
2023-02-04 12:00:00,2.288352650424927,54.96979844993342,4.817282121411559,1
2023-02-04 13:00:00,3.3561151646230933,49.6374578230415,4.30265920852583,0
2023-02-04 14:00:00,2.9315461278897086,61.06423097667479,6.524308218327873,0
2023-02-04 15:00:00,3.9078771240907137,77.81929240602983,2.9670414331517634,0
2023-02-04 16:00:00,1.4414617704774728,66.09971370661788,2.8356807354704046,0
2023-02-04 17:00:00,3.055169500012735,61.19325469309845,4.223442945751508,1
2023-02-04 18:00:00,2.1057023467618525,58.88776814896887,7.623922540006598,1
2023-02-04 19:00:00,3.19000904920275,53.3369415246439,4.221361725959071,0
2023-02-04 20:00:00,3.0049699771308425,73.81515128336468,3.855511142207932,0
2023-02-04 21:00:00,2.043980615682732,67.90510988114463,5.2079982285020066,1
2023-02-04 22:00:00,1.0986028253936662,73.22044959568437,5.172266375765756,0
2023-02-04 23:00:00,1.7957337027104177,65.8770909230288,4.074912764987047,0
2023-02-05 00:00:00,1.2577157305888418,60.663952968586415,7.568584317007486,0
2023-02-05 01:00:00,2.7186081577780765,75.06707085455665,5.069131120444241,0
2023-02-05 02:00:00,1.4871955230509326,77.87959549962059,5.847249037967828,0
2023-02-05 03:00:00,3.4443493311707125,64.33738406709031,4.8068449080500635,0
2023-02-05 04:00:00,1.3524730099453524,67.34209262075096,4.9885972185872,0
2023-02-05 05:00:00,2.438572903854397,61.28556293547848,3.8312931393324785,0
2023-02-05 06:00:00,3.3595568831560962,63.82334084797106,4.012799885425127,0
2023-02-05 07:00:00,1.6959115648188696,77.2415782052093,6.082702374137464,1
2023-02-05 08:00:00,1.4739114364321904,63.645564546514535,2.836091807350938,0
2023-02-05 09:00:00,2.5755375101382754,61.76605044785124,3.5973931207265553,0
2023-02-05 10:00:00,3.1326757964130034,52.122957504211165,6.6891312411126895,0
2023-02-05 11:00:00,2.5010494003276755,51.62095251964777,3.85524189533884,0
2023-02-05 12:00:00,2.1291140214157287,55.965811035815705,0.9400626051621064,0
2023-02-05 13:00:00,1.511664589107803,54.991294530673066,3.4501668941187567,0
2023-02-05 14:00:00,3.238065796109397,68.82880012306592,6.391761313212905,0
2023-02-05 15:00:00,3.2687690780712053,65.57397563855574,5.1780904055152135,1
2023-02-05 16:00:00,2.565570879578072,60.712100964053015,4.051745577123473,0
2023-02-05 17:00:00,1.8279973635650018,74.30391066697342,5.927487728449853,1
2023-02-05 18:00:00,1.9366991077651448,58.53378369209767,6.061579613857649,0
2023-02-05 19:00:00,2.589144884181553,49.92694536673216,2.6262452697798935,0
2023-02-05 20:00:00,2.8574770823800693,68.78174135215895,6.734814944723996,0
2023-02-05 21:00:00,2.8194980287020135,67.75491038902321,4.1679983725357,0
2023-02-05 22:00:00,1.454178637037355,59.55558716433352,5.863659820288788,0
2023-02-05 23:00:00,2.54293945961541,54.85307847200171,3.5276198491749353,0
2023-02-06 00:00:00,3.5017279321943686,59.16073271920551,3.350030176718348,1
2023-02-06 01:00:00,1.4477637553159577,66.11248885733836,4.068508875251677,0
2023-02-06 02:00:00,2.5966264455694543,67.44658181192625,5.307783005898058,0
2023-02-06 03:00:00,2.6829593479845735,60.81043703957297,5.879113960900201,0
2023-02-06 04:00:00,2.256496161009467,61.652853125800654,4.334649417237809,0
2023-02-06 05:00:00,2.008459511177361,56.844797434148155,3.239520715878949,0
2023-02-06 06:00:00,3.509686209625597,75.40526648347189,4.939750314796457,0
2023-02-06 07:00:00,2.662445737825549,62.48825327307952,1.9253961160279776,0
2023-02-06 08:00:00,3.627184245484173,53.59584814361493,4.736660260170519,0
2023-02-06 09:00:00,2.249978171725553,60.977721087896875,2.7019688059955325,1
2023-02-06 10:00:00,1.332344379539902,85.0632212776483,7.514921331476618,0
2023-02-06 11:00:00,3.615795647054883,67.43405963357614,3.4907553966035616,1
2023-02-06 12:00:00,3.1238843942835466,60.73397435141892,4.648654017400934,0
2023-02-06 13:00:00,2.968654178452839,56.93172896008605,2.58271507011007,0
2023-02-06 14:00:00,3.7635031022747274,80.94511090291644,2.1015711339136525,0
2023-02-06 15:00:00,1.7353730697879968,61.30275745409252,6.04280370282725,0
2023-02-06 16:00:00,3.3180039235505494,102.8855208312379,4.807732877386276,1
2023-02-06 17:00:00,4.1539660779530205,78.35504345445874,4.829024962341287,0
2023-02-06 18:00:00,2.2736254244070615,60.198333778228054,3.0558732058804807,0
2023-02-06 19:00:00,2.4785509666423478,81.67679580209594,4.46333730191412,0
2023-02-06 20:00:00,2.74831541811489,67.55260706977013,4.574209737908577,0
2023-02-06 21:00:00,2.273026373781366,69.62748045316484,9.55875394369189,0
2023-02-06 22:00:00,2.9464991394387843,58.738258387054174,1.5376562845468595,0
2023-02-06 23:00:00,2.109506728068526,58.31809497751789,3.105630508063456,0
2023-02-07 00:00:00,2.1882868570397775,56.47677558333976,3.9195385084318968,0
2023-02-07 01:00:00,2.9998651153865987,57.32417303885438,3.322599978187995,0
2023-02-07 02:00:00,2.71317227639305,68.31158514427717,5.849806630510673,0
2023-02-07 03:00:00,2.0680754286550673,45.8972473373868,3.397638289390529,0
2023-02-07 04:00:00,3.073542575526051,54.01592582752639,2.9667573857598537,0
2023-02-07 05:00:00,3.0858992692312794,76.87624378636058,4.624589735773798,0
2023-02-07 06:00:00,2.6171189422212793,46.05824350770021,4.698882105046237,0
2023-02-07 07:00:00,2.1237933122149695,67.11985514641302,4.6545638245700385,0
2023-02-07 08:00:00,3.253754589426275,64.32468956218302,5.221826527482204,0
2023-02-07 09:00:00,2.709611827139911,66.76208699530252,4.534855783783041,0
2023-02-07 10:00:00,2.065166339985841,63.0358873942943,2.5132343194899116,0
2023-02-07 11:00:00,2.7048819175257095,68.50599188025315,3.7020770096764455,0
2023-02-07 12:00:00,3.2244812503766807,55.70853763239752,2.4440996777592146,0
2023-02-07 13:00:00,2.4990695608290387,60.68872638046379,5.282777567979435,1
2023-02-07 14:00:00,1.6969294486733968,72.97615688105901,4.31689667620778,0
2023-02-07 15:00:00,1.397160892267873,68.7522965434238,2.6086111428626397,0
2023-02-07 16:00:00,3.3301532888448935,56.09760069772351,2.4698035890894823,0
2023-02-07 17:00:00,4.013959451551145,64.49197969225997,3.197305403875404,0
2023-02-07 18:00:00,3.3921000496672775,76.72133503396022,5.018802202497176,0
2023-02-07 19:00:00,2.2084804785601717,59.784246324837255,3.6775805294846187,0
2023-02-07 20:00:00,1.520207193231065,66.0803408908354,3.87285170021737,0
2023-02-07 21:00:00,2.8477741028917603,67.75734020077671,2.144938301354964,0
2023-02-07 22:00:00,3.071843565131261,59.58210914521205,4.080389921927752,0
2023-02-07 23:00:00,2.3751387528762136,49.628602136520044,2.7354502162408623,0
2023-02-08 00:00:00,2.273245834725057,72.57827581568125,1.753289181095171,0
2023-02-08 01:00:00,2.52308255428058,62.360868286039285,7.2738019408115235,0
2023-02-08 02:00:00,1.2784343324341645,67.70414425765391,5.890384746812659,0
2023-02-08 03:00:00,2.636163305807603,66.99572781189357,4.479519155659752,0
2023-02-08 04:00:00,1.663804528262356,49.61991841378092,1.1725343306329137,0
2023-02-08 05:00:00,3.909282382020321,122.14349936543898,0.0033630007927818897,1
2023-02-08 06:00:00,2.4722826492044474,61.7086865988188,2.2186649229167794,0
2023-02-08 07:00:00,3.6712373140017824,64.9073290299958,4.789875381608344,0
2023-02-08 08:00:00,2.0117014140425806,51.6776694922822,3.181306093629906,0
2023-02-08 09:00:00,2.317496685286683,79.15456610853937,4.6414680703180276,0
2023-02-08 10:00:00,1.9382119851905864,67.48244837702624,3.7730161398714417,0
2023-02-08 11:00:00,3.0892952057287717,56.217290371677144,4.873471672570079,0
2023-02-08 12:00:00,1.1391419302555086,52.39833027360446,2.6785217159885897,0
2023-02-08 13:00:00,3.3689221556285482,61.58605921296774,3.3812857279144186,0
2023-02-08 14:00:00,1.9405324762286398,66.18147047190907,4.571222247839909,0
2023-02-08 15:00:00,1.665517501071166,77.55683872333378,4.000240345873925,0
2023-02-08 16:00:00,3.025649521346974,65.22254314823677,5.756346481104716,0
2023-02-08 17:00:00,4.702825839976278,128.4097670985796,9.19311536703657,1
2023-02-08 18:00:00,3.457198906617557,78.09043041497526,2.2492606046919796,0
2023-02-08 19:00:00,3.1479000873964367,63.986946472197666,3.9354232704445016,0
2023-02-08 20:00:00,2.2841639180147193,69.46358315693118,4.878929098237458,0
2023-02-08 21:00:00,3.1474828045968257,75.86043300698427,2.82144732511145,0
2023-02-08 22:00:00,1.257879261283707,59.74145249402961,4.702847393533945,0
2023-02-08 23:00:00,2.883559105492494,66.78573562790523,5.9683503341383854,0
2023-02-09 00:00:00,1.3145844318424154,80.54741411349298,4.047084583799786,0
2023-02-09 01:00:00,3.106447598170254,60.17096998409911,5.176662546902785,0
2023-02-09 02:00:00,1.1830756686876622,68.28112905178632,5.575695955931682,0
2023-02-09 03:00:00,3.5461773759400375,70.33282865203105,6.149030514493803,0
2023-02-09 04:00:00,1.2744348003886374,75.46209247825591,4.461478715448672,0
2023-02-09 05:00:00,1.4126759311918229,72.07570176072862,1.4798030682624956,0
2023-02-09 06:00:00,2.0286439413625845,58.097572034083385,2.4514535300249527,0
2023-02-09 07:00:00,2.9282013985457205,66.33715510763403,2.555784681290493,0
2023-02-09 08:00:00,2.651482217181203,63.792579889365335,3.613178610398654,1
2023-02-09 09:00:00,1.665165673195812,61.925970859837044,5.918177086966546,0
2023-02-09 10:00:00,1.2969333752057002,58.87288202352653,4.80908777937349,0
2023-02-09 11:00:00,1.888694599923753,65.0514915222814,3.973151045576833,0
2023-02-09 12:00:00,2.311791503604605,85.26213397010025,2.980806679126944,0
2023-02-09 13:00:00,2.381969114577661,85.01557064592751,3.5713106713408465,0
2023-02-09 14:00:00,1.2169091216633101,70.56090797282256,3.2667940751395426,0
2023-02-09 15:00:00,1.1460259573838079,68.24389680361634,0.007820972479844812,0
2023-02-09 16:00:00,2.3252898354442597,60.41635830493989,3.172893686493463,0
2023-02-09 17:00:00,2.5800445493794206,73.90489026178172,6.3624212393885315,0
2023-02-09 18:00:00,1.5235912413355512,76.108515999728,6.304694433268132,0
2023-02-09 19:00:00,2.0004270618337,69.0290144234377,2.362255415558718,0
2023-02-09 20:00:00,2.913611032999486,49.32750610385838,1.45977778913673,1
2023-02-09 21:00:00,1.3045069813431744,67.85966392367058,4.580737101589179,0
2023-02-09 22:00:00,2.5080340330765325,70.11003068207341,5.498641645034656,0
2023-02-09 23:00:00,1.85651657475093,60.38733322240704,4.002621772789076,0
2023-02-10 00:00:00,3.1748381185221684,61.99807397714833,4.273405791788183,0
2023-02-10 01:00:00,2.405865277747291,135.79255188996274,8.482287109751148,1
2023-02-10 02:00:00,4.359320240676945,65.97389666023032,2.8849775644215505,0
2023-02-10 03:00:00,2.9681684304158393,36.60546243764021,3.651764631101752,1
2023-02-10 04:00:00,2.1717525273256073,63.265358543574024,4.271094745136213,0
2023-02-10 05:00:00,0.9413412535366561,79.56035896488392,4.111186745955164,0
2023-02-10 06:00:00,2.73471623230485,51.263095920673365,1.3642576790200236,0
2023-02-10 07:00:00,0.8488876217652155,74.49224421434954,5.299223970996625,0
2023-02-10 08:00:00,1.8703481123273926,59.474704826675804,1.0585132438558231,1
2023-02-10 09:00:00,1.6238470396132185,59.88735680554655,4.0263140540580356,0
2023-02-10 10:00:00,3.9589651139935125,67.68628016671259,5.6821332936442674,0
2023-02-10 11:00:00,1.7504396253585093,77.78961798703546,5.288703588085316,0
2023-02-10 12:00:00,3.6570483654004966,67.92436631515888,6.646480656577579,0
2023-02-10 13:00:00,2.624512119653865,69.68133216683727,3.6915201807766778,0
2023-02-10 14:00:00,2.3686089583218415,58.02288529727641,4.253703707667568,0
2023-02-10 15:00:00,2.987564890013218,63.66977387248978,4.817873558973181,0
2023-02-10 16:00:00,2.715238525100653,67.36465815808384,2.182324444444828,0
2023-02-10 17:00:00,2.5286953759785127,58.644686916026274,5.154606452790975,0
2023-02-10 18:00:00,2.330218913685668,58.16885593532315,3.035958982036074,0
2023-02-10 19:00:00,2.481100463146453,74.24901256905756,3.0704599154793857,0
2023-02-10 20:00:00,1.7088391860458672,65.49046447923818,2.886137037189312,0
2023-02-10 21:00:00,3.8096252481764936,64.20557097866124,-0.4165382264499353,0
2023-02-10 22:00:00,2.8997955149360317,66.65561564679228,6.588169062301095,0
2023-02-10 23:00:00,1.7351360914184144,48.19187881663861,4.726832753196446,0
2023-02-11 00:00:00,0.45473747951227184,58.10680758353057,1.5983589010812285,0
2023-02-11 01:00:00,3.1030589420852537,62.30622047191655,4.090468371201788,0
2023-02-11 02:00:00,1.4462861022938112,88.03671666334418,4.008587631247604,0
2023-02-11 03:00:00,2.177698704071979,70.13308605208807,3.744820039125804,0
2023-02-11 04:00:00,2.8732114830009907,69.20647728788175,2.584564441776151,0
2023-02-11 05:00:00,2.5014986523985243,70.74992781404768,4.126173936467939,0
2023-02-11 06:00:00,3.4045148179157376,65.86842380218438,3.5427807545552015,0
2023-02-11 07:00:00,2.3749024269994226,79.01161847657897,5.946626840040162,0
2023-02-11 08:00:00,3.4066160929763543,62.329623781744345,6.305766793156966,0
2023-02-11 09:00:00,1.0931965339891137,53.026363607228774,4.265492697574537,0
2023-02-11 10:00:00,1.0596286390245881,56.894452024981106,4.41706111906411,0
2023-02-11 11:00:00,2.3456352977524806,57.30830763579292,4.553600073740926,0
2023-02-11 12:00:00,1.8506203808262205,77.53077742416833,1.5910141167328793,0
2023-02-11 13:00:00,2.7707642395586043,63.43342911330147,2.534313625522067,0
2023-02-11 14:00:00,3.1223446109087467,66.60811510387347,2.587794842567095,0
2023-02-11 15:00:00,2.4888322545097274,86.06427274284864,3.9759461002433487,0
2023-02-11 16:00:00,2.7899306146224,79.4716727734287,6.260297560294834,0
2023-02-11 17:00:00,1.1659872525486665,57.31181031653866,3.9736375929546663,0
2023-02-11 18:00:00,1.9677848056402674,61.588519749539266,6.432330204132413,0
2023-02-11 19:00:00,2.010246433079404,59.02526852906469,5.139593766910651,0
2023-02-11 20:00:00,3.009187662905707,59.65107445431847,5.924678462320924,0
2023-02-11 21:00:00,3.359448812008042,77.9794555021152,3.6970729426834357,0
2023-02-11 22:00:00,2.7902719288963684,80.74873663150844,4.769776099011338,0
2023-02-11 23:00:00,1.6214650708355922,46.38022978733758,2.144987983396194,0
2023-02-12 00:00:00,3.116860982354081,61.80620968863385,5.623955120882906,0
2023-02-12 01:00:00,6.042308922345292,103.5340748982646,2.9561942003519723,1
2023-02-12 02:00:00,0.9730330514956094,67.23913828623898,6.6302077091811595,0
2023-02-12 03:00:00,2.243964312508377,74.75962909871838,2.3398176736342915,0
2023-02-12 04:00:00,3.0736458189811677,70.40871346687464,3.8086187803568725,0
2023-02-12 05:00:00,4.083259514517892,52.15975939088423,8.173026011056132,0
2023-02-12 06:00:00,2.108979835033213,63.540164928465806,2.862754138849904,0
2023-02-12 07:00:00,1.7418389668619967,55.490633760693285,3.6458977818256244,0
2023-02-12 08:00:00,1.4382297406335618,79.14560016731672,4.484754958519024,0
2023-02-12 09:00:00,2.4124723291951953,75.98471874871723,2.989878544294739,0
2023-02-12 10:00:00,2.6302204310066886,51.24597555790925,1.3468006604634537,0
2023-02-12 11:00:00,3.076542084796916,66.61552469842907,1.7913143583875621,0
2023-02-12 12:00:00,2.2794386728146465,71.85052226885118,3.462186876879803,0
2023-02-12 13:00:00,2.752942787139675,63.369816064696664,6.721011146240286,0
2023-02-12 14:00:00,2.955678139556953,69.71348114736512,2.281712055956798,0
2023-02-12 15:00:00,2.1666256776020596,65.60800286510568,6.255402411815438,0
2023-02-12 16:00:00,3.4732289580454854,61.70013654815084,4.857009243319523,0
2023-02-12 17:00:00,2.2561245578359537,71.89675152702264,4.756006505066111,0
2023-02-12 18:00:00,4.0990900298721895,80.52573769589364,3.6813741738698793,0
2023-02-12 19:00:00,2.0035199874994327,50.1375617164596,2.946041669004737,0
2023-02-12 20:00:00,2.1280518897377405,43.869392539606764,5.071798785136107,0
2023-02-12 21:00:00,2.3858618606134048,57.92996355958212,3.7675935147317396,0
2023-02-12 22:00:00,3.5511241038161834,69.82092602936572,6.864999236286936,0
2023-02-12 23:00:00,2.8703394121175005,64.80499627836008,6.1626423873161755,0
2023-02-13 00:00:00,3.1511921749915497,55.79942421687692,5.374987335437911,0
2023-02-13 01:00:00,1.285053054816736,73.86522668103663,3.5991389416422344,0
2023-02-13 02:00:00,2.2395717696789927,70.51448584162796,2.6134783965362987,1
2023-02-13 03:00:00,2.5320747145027953,55.68808438656107,4.827142798573538,0
2023-02-13 04:00:00,3.7203814748271333,51.96593927628385,6.751498951436316,0
2023-02-13 05:00:00,1.9073263832197132,75.65960646114593,0.9701784102499618,0
2023-02-13 06:00:00,3.0218231272392546,46.865341245308485,8.726366381296607,0
2023-02-13 07:00:00,3.277098250321453,54.41005743050788,2.015827772262202,0
2023-02-13 08:00:00,2.949300933312118,67.94134614049662,2.454135711933677,0
2023-02-13 09:00:00,0.8259903389067313,66.94978507033912,1.889655320269127,0
2023-02-13 10:00:00,2.754091368290686,61.96918324283113,6.296129436558533,0
2023-02-13 11:00:00,2.777884489263077,71.48498395847855,6.69868419521991,0
2023-02-13 12:00:00,2.3793345984815626,57.72241331494467,4.795352761767527,0
2023-02-13 13:00:00,3.232682918226632,48.58463870641687,2.2736462880244543,0
2023-02-13 14:00:00,2.891560062564487,72.07582407028126,4.178338996748266,0
2023-02-13 15:00:00,1.9600986222961463,74.85530182460052,5.56406609875343,0
2023-02-13 16:00:00,3.0450159476378733,58.26020067271471,4.877600569107777,0
2023-02-13 17:00:00,2.5246573209957446,97.85179497944989,3.5008066890419443,0
2023-02-13 18:00:00,2.7641529910607816,66.67314273772784,6.233846441510384,0
2023-02-13 19:00:00,2.745368172808897,57.667033940496914,3.46329720354319,0
2023-02-13 20:00:00,2.5216031515662958,69.49396424060308,4.679957312366397,0
2023-02-13 21:00:00,2.267765165232623,61.57553275748233,4.048321446208157,0
2023-02-13 22:00:00,1.517299705948222,62.447704686338035,4.629571165307427,0
2023-02-13 23:00:00,1.7782344660175922,70.95522748918387,3.7705308549943397,0
2023-02-14 00:00:00,2.5930348459019177,71.7492707511253,6.627290829519376,0
2023-02-14 01:00:00,2.4334822346863136,75.3475659274534,6.427862699343688,0
2023-02-14 02:00:00,2.9988412237685522,52.9530409783585,5.77079759464521,0
2023-02-14 03:00:00,1.2396164092771556,47.086764393168856,2.5747621150696496,0
2023-02-14 04:00:00,1.5639667990143473,68.50813503337844,6.208169836732249,0
2023-02-14 05:00:00,3.7201699749413883,50.101559955879495,4.427771038244689,0
2023-02-14 06:00:00,1.4534782725533895,64.99311083261567,6.021457981581538,0
2023-02-14 07:00:00,3.2786331338000503,62.015519514597635,0.9158012840736394,0
2023-02-14 08:00:00,3.634635107591106,70.46733778595035,4.888413949615196,0
2023-02-14 09:00:00,0.8371224942039275,86.30412155856234,2.401071597033876,0
2023-02-14 10:00:00,3.887068870629702,74.95879679166295,7.003567048948179,0
2023-02-14 11:00:00,2.9737210843673565,47.88110946461555,4.59966124325776,0
2023-02-14 12:00:00,2.32549275317941,52.21489508548311,2.7526267073978254,0
2023-02-14 13:00:00,3.5200356118939276,57.58442946201784,0.3201861378498849,0
2023-02-14 14:00:00,3.424577585123749,73.59435486107414,0.8408160007744989,0
2023-02-14 15:00:00,2.1572725674680475,71.23512089567413,5.299608771369974,0
2023-02-14 16:00:00,2.6495560144155053,69.51032366384834,2.898790039644765,0
2023-02-14 17:00:00,0.4450833389856452,72.47338545697136,2.437791126305506,0
2023-02-14 18:00:00,5.277978713510442,90.80374700688765,9.907353718347292,1
2023-02-14 19:00:00,2.6870126314173777,59.3094494482935,2.140815539606201,0
2023-02-14 20:00:00,3.097908501120926,48.11833239977715,2.6303876332938216,1
2023-02-14 21:00:00,2.0576063826039626,65.2392845727102,4.4654473037229065,0
2023-02-14 22:00:00,2.759370482652533,62.63671130792325,3.1858935037872538,0
2023-02-14 23:00:00,1.8973091245687832,57.14121552012611,3.9736876131993686,0
2023-02-15 00:00:00,1.4751790994116256,39.81797899835917,1.8648137361024064,0
2023-02-15 01:00:00,3.863793953787715,77.09068155861445,4.021401942143189,0
2023-02-15 02:00:00,1.9437081551425264,51.53853690180483,2.0860880585990316,0
2023-02-15 03:00:00,1.9726321998326768,57.54975263105251,1.6095581907489982,0
2023-02-15 04:00:00,2.61127845600969,71.587966907644,4.594705737098862,0
2023-02-15 05:00:00,2.566819942107977,67.11104919743542,2.940652723371609,1
2023-02-15 06:00:00,3.6071685982785624,63.27560018714211,5.810940022789914,0
2023-02-15 07:00:00,2.906970941289261,54.39617267167522,4.569476671492086,0
2023-02-15 08:00:00,1.5641123264733419,51.536193000376976,4.88139226866584,0
2023-02-15 09:00:00,3.405404683653789,57.48029207305342,4.07775039851243,0
2023-02-15 10:00:00,1.8773666404813216,66.29791737177379,1.958263154639965,0
2023-02-15 11:00:00,2.464983076687515,52.10559764574315,3.181060060467484,0
2023-02-15 12:00:00,2.790884305521204,78.58756321302684,0.5388712552060593,1
2023-02-15 13:00:00,2.207172180284421,76.6750683198009,3.8990474783506137,0
2023-02-15 14:00:00,2.410510107766837,50.48973454430478,6.255075625708983,0
2023-02-15 15:00:00,2.7143649730917256,73.39642830318445,4.791622814321078,0
2023-02-15 16:00:00,3.4927077069318258,58.82486848295031,4.630972467448388,0
2023-02-15 17:00:00,1.5307936729658764,43.13065980971659,2.781820051411098,0
2023-02-15 18:00:00,0.10736107039818865,46.93645528461763,4.61804422321967,0
2023-02-15 19:00:00,1.7915030644850123,71.04874387375763,6.203102730007385,0
2023-02-15 20:00:00,2.5046916253217977,59.138306658702156,2.8588364309755314,0
2023-02-15 21:00:00,0.8339225515509627,56.72784806302599,5.30296881702055,0
2023-02-15 22:00:00,3.3372513980652343,65.90667608939265,3.379860191032704,0
2023-02-15 23:00:00,4.014685608449502,50.29148929574977,4.300439009774574,0
2023-02-16 00:00:00,1.5871249833143342,65.70244536538867,2.702083758597025,0
2023-02-16 01:00:00,3.187730436112681,57.70558978892514,2.330888829585286,0
2023-02-16 02:00:00,2.737286620130574,61.9500802782437,4.543008686884192,0
2023-02-16 03:00:00,2.9313150171883606,68.93510718377402,4.090692522296005,0
2023-02-16 04:00:00,1.3827130412498538,46.63895732767784,6.720745579281449,0
2023-02-16 05:00:00,5.626679958096598,153.51331405369106,6.867443207802226,1
2023-02-16 06:00:00,2.0270300974618265,66.99960217369863,5.314458771056745,0
2023-02-16 07:00:00,2.034853014942,64.06291457658982,4.403332210507929,1
2023-02-16 08:00:00,2.6319964814221986,60.68698487584577,5.751461497617433,0
2023-02-16 09:00:00,2.0484547635886474,55.43517378004057,4.066992659055086,0
2023-02-16 10:00:00,3.6064098856071602,71.62683948535218,3.94605907002048,0
2023-02-16 11:00:00,1.2277627818011299,61.58843587152336,5.830011944686774,0
2023-02-16 12:00:00,2.3378427669687,64.00126073560891,3.0354802826513625,0
2023-02-16 13:00:00,2.9239251987389343,77.89138573633946,3.331242258101347,0
2023-02-16 14:00:00,2.556475497267201,51.351261007041415,5.795572188975691,0
2023-02-16 15:00:00,1.4734806990968587,63.07471925626885,4.462432820093656,0
2023-02-16 16:00:00,3.2822342636779216,53.20723630327344,2.686520346284762,0
2023-02-16 17:00:00,1.6208848060035748,58.57247444555422,4.5986447220227715,0
2023-02-16 18:00:00,4.053477984111363,63.54324891122143,3.740175120907555,0
2023-02-16 19:00:00,2.0013368824490976,59.65925915035475,5.130930783205034,0
2023-02-16 20:00:00,2.0290483659062297,61.62312374048183,3.855063312713857,0
2023-02-16 21:00:00,5.175902084756994,59.73777925855213,6.068963987302464,0
2023-02-16 22:00:00,3.5084132639338543,55.97879784662448,6.186400668589763,0
2023-02-16 23:00:00,2.3998001792830777,66.03114627372635,5.045009197426422,0
2023-02-17 00:00:00,2.2146121593811476,58.55503359469587,4.272410779804078,0
2023-02-17 01:00:00,2.197030765354123,58.71724371571063,4.058989914879113,0
2023-02-17 02:00:00,4.095231691582842,130.27989137833595,11.959967255472407,1
2023-02-17 03:00:00,2.3105543231105043,48.48060427436601,4.49141239427102,0
2023-02-17 04:00:00,2.7108165835224134,69.12420082429101,5.6958238307140565,0
2023-02-17 05:00:00,1.648859470497715,70.21451733503446,7.62504118582897,0
2023-02-17 06:00:00,1.8984756818651574,68.93967597745873,4.311101487426681,0
2023-02-17 07:00:00,2.373375322849224,72.96380100356176,3.658559441874218,0
2023-02-17 08:00:00,2.6697240172836185,54.22541316166661,4.780089179850122,0
2023-02-17 09:00:00,2.856933089101395,84.35924038373238,5.999898902636849,0
2023-02-17 10:00:00,3.133111748500581,69.77146313539711,6.4957173494196745,0
2023-02-17 11:00:00,1.9521439641636302,65.45310148007623,2.287187858467201,0
2023-02-17 12:00:00,2.3696967436774155,67.81381501039245,3.5375357198113444,0
2023-02-17 13:00:00,1.6545311670168443,64.3112479533884,4.245509832332116,0
2023-02-17 14:00:00,1.8807167451896065,47.934751638987564,6.059868289640337,0
2023-02-17 15:00:00,1.3986621914533397,63.45575727563241,6.516726068394322,0
2023-02-17 16:00:00,2.3523561580246173,52.369535595720436,1.0996696973439573,0
2023-02-17 17:00:00,2.5585502990049633,63.542977374250505,0.9336518631383668,0
2023-02-17 18:00:00,1.4269219615893511,65.31610997277325,3.016205196190584,0
2023-02-17 19:00:00,2.247572545107849,63.056319413305964,5.151740444396243,0
2023-02-17 20:00:00,2.196554852281316,74.9102406529696,4.20467590631742,1
2023-02-17 21:00:00,3.3992456341649766,49.822761754387066,1.8527481485805897,0
2023-02-17 22:00:00,2.4967863420440177,65.77039632468404,6.610489425731234,0
2023-02-17 23:00:00,2.618004472442384,72.10330983879676,3.0022882387686316,0
2023-02-18 00:00:00,1.7634734541438046,56.79303465694667,5.848240535584353,0
2023-02-18 01:00:00,2.2105388629468847,60.52408326947199,5.030141500834757,0
2023-02-18 02:00:00,2.5398813424495157,77.23301299755153,3.453647255752161,0
2023-02-18 03:00:00,2.342419016441433,76.2792550888052,4.045392321615642,0
2023-02-18 04:00:00,2.9637253158990653,63.93502443898912,3.6204456293385787,0
2023-02-18 05:00:00,3.1927251712812295,68.64608293085026,2.3290011812354563,0
2023-02-18 06:00:00,2.5168947291715216,60.619910328349754,4.594548323180577,0
2023-02-18 07:00:00,3.508765292122468,67.53912494689718,3.1816931856267505,0
2023-02-18 08:00:00,1.8218285281211863,76.09556894669254,5.023860200847319,0
2023-02-18 09:00:00,3.498510777416217,67.4498830891583,1.6887379480232498,0
2023-02-18 10:00:00,2.2404325070000755,55.693700458859574,4.8612221516677625,0
2023-02-18 11:00:00,3.901707277932907,81.87856539286781,3.4932779471035467,0
2023-02-18 12:00:00,2.3682192707241074,48.22784196170667,3.8195303431605514,0
2023-02-18 13:00:00,1.3252798611321623,52.387094852924506,4.993286778280362,0
2023-02-18 14:00:00,1.5960373826507341,63.05138650552853,4.204098659821119,0
2023-02-18 15:00:00,1.5762026699393479,66.7342190429032,3.9557676966665203,0
2023-02-18 16:00:00,1.4800822625527035,63.30398951294673,7.261935802840623,0
2023-02-18 17:00:00,0.9212094358496496,77.1485906252374,5.87828532944274,0
2023-02-18 18:00:00,1.862187635719673,62.221148792265325,4.76625534862494,0
2023-02-18 19:00:00,2.4314598961077474,58.04632673929294,5.928029661869348,0
2023-02-18 20:00:00,3.5225762828547715,83.01354966643477,2.2603209497411214,0
2023-02-18 21:00:00,3.380870225937545,52.08987525589384,6.237598680204908,0
2023-02-18 22:00:00,0.7665558628939222,63.9358506110438,5.2748115654981875,0
2023-02-18 23:00:00,2.6358843701747414,47.00000695596486,2.11606754135089,0
2023-02-19 00:00:00,3.702326792166685,69.58028098721311,1.8332089528479707,0
2023-02-19 01:00:00,3.259374678070518,73.34355716691019,3.04788107478561,0
2023-02-19 02:00:00,2.3769468999621384,60.40554771595867,5.250533734491434,0
2023-02-19 03:00:00,2.6602442162344544,50.88432429544487,4.036205093434459,0
2023-02-19 04:00:00,3.098417277734109,80.10311259670448,3.165224685711227,0
2023-02-19 05:00:00,2.5742221397608245,58.916018160811184,4.952288104190542,0
2023-02-19 06:00:00,0.7480058633556004,50.374592867454155,4.386734714818185,0
2023-02-19 07:00:00,2.8414517231582646,57.92255923711494,3.5539219189504325,0
2023-02-19 08:00:00,0.6015191843022496,70.00609369553717,4.962852784921711,0
2023-02-19 09:00:00,2.4531099792014945,75.65385202125705,4.35871225140189,0
2023-02-19 10:00:00,2.1685676677194534,61.314865035210126,4.9633690178144745,0
2023-02-19 11:00:00,3.1530667866772215,76.81540691282868,3.7421753535192717,0
2023-02-19 12:00:00,2.7277191378827705,69.68815889622785,3.072741951163599,0
2023-02-19 13:00:00,1.9526319586982614,63.379604034331656,5.319792890399254,0
2023-02-19 14:00:00,2.3437886094056384,79.58121045132715,4.753777079876809,0
2023-02-19 15:00:00,3.4220253467338484,48.091669399779846,7.3359748695560345,0
2023-02-19 16:00:00,1.4238092997034408,73.40639494411296,4.407565765266999,0
2023-02-19 17:00:00,2.32301942000611,65.88443279855917,5.576913981851443,0
2023-02-19 18:00:00,2.512235208219979,65.37772333703538,3.198868108385368,0
2023-02-19 19:00:00,2.9212135962175907,73.39861714047052,4.221458025067051,0
2023-02-19 20:00:00,1.5475122857771273,61.632230247270805,5.06988067526332,0
2023-02-19 21:00:00,3.727101604792526,70.48120443589086,4.498219467077555,0
2023-02-19 22:00:00,2.042111315658567,71.06096475668316,2.873325963970359,0
2023-02-19 23:00:00,2.628324230762908,57.23090240615324,3.993945706603937,0
2023-02-20 00:00:00,2.1082629475711205,65.71151867105029,1.3461590119334828,0
2023-02-20 01:00:00,2.7331578892495796,66.8084489465174,5.123689356396955,0
2023-02-20 02:00:00,4.387602116903884,61.22996065086999,5.068378055227181,0
2023-02-20 03:00:00,2.8426701774336176,39.81334956396011,3.1818916221908244,0
2023-02-20 04:00:00,2.8202108647026174,50.92397228575277,5.382407623384675,0
2023-02-20 05:00:00,6.353066163110044,99.66164495076308,6.63077271847462,1
2023-02-20 06:00:00,3.153782177838695,75.12581775427913,2.460378567721292,0
2023-02-20 07:00:00,2.3537965882446565,50.960567963792144,3.9692177921646503,0
2023-02-20 08:00:00,1.786204709378222,62.045498795509126,7.015734274709774,0
2023-02-20 09:00:00,2.9095086248733417,48.1148153713016,2.9893255240535153,0
2023-02-20 10:00:00,3.4067174433803653,48.64727417190582,4.833136576389698,0
2023-02-20 11:00:00,2.9239655760658705,82.29359433117227,5.558960412477671,0
2023-02-20 12:00:00,3.1552854004536797,64.24739915917856,3.3284359956889102,0
2023-02-20 13:00:00,2.6465272574039176,75.96788139234852,3.7487743900305586,0
2023-02-20 14:00:00,2.9951621695706505,77.58888428946122,5.227255897851842,0
2023-02-20 15:00:00,2.3508780142626398,69.34711356183199,6.7648776971932865,0
2023-02-20 16:00:00,1.2283854777449836,68.69963988505458,5.165078235544438,1
2023-02-20 17:00:00,2.3609028104739727,60.55293417580576,6.31193302159876,0
2023-02-20 18:00:00,2.9821830588120917,47.84830940448995,8.187908575205856,0
2023-02-20 19:00:00,3.1633265972184383,61.192332396985805,2.692700785160839,0
2023-02-20 20:00:00,3.2392625967920567,72.96459426247085,3.697584254209392,0
2023-02-20 21:00:00,1.885141764278472,50.89413674032547,4.7411814825141905,0
2023-02-20 22:00:00,3.0686965297283844,72.81753602750743,4.608532021356441,0
2023-02-20 23:00:00,1.4364690316931774,65.9966217639651,3.2920284150864325,1
2023-02-21 00:00:00,1.6442967465737393,57.560575415877736,6.320237393312738,0
2023-02-21 01:00:00,1.922680757880744,48.95372842519663,3.7524807226533854,0
2023-02-21 02:00:00,1.0109126253798308,67.83850591010534,4.563192112803835,0
2023-02-21 03:00:00,1.6711293985373166,75.09981048204877,3.6334340475649,0
2023-02-21 04:00:00,2.2202797983342784,59.72323716815234,2.638735916068858,0
2023-02-21 05:00:00,3.091573546061416,52.57166778690829,4.545995437009242,0
2023-02-21 06:00:00,2.8257983259537722,58.713792221010195,1.6900837151344166,0
2023-02-21 07:00:00,2.6235492551506985,72.23720669874604,5.012977778949481,0
2023-02-21 08:00:00,2.69887039446211,72.43167615447616,1.367728869107947,0
2023-02-21 09:00:00,3.6370599285785787,65.82786388915055,5.647238345465084,0
2023-02-21 10:00:00,1.0246201873347716,57.29596160313901,4.159579241841336,0
2023-02-21 11:00:00,3.106254107667487,69.69931441258596,5.078571934865066,0
2023-02-21 12:00:00,2.230099529916644,77.897460254351,2.7895513817647872,0
2023-02-21 13:00:00,1.418209348898405,63.77629074902633,4.163908233841518,0
2023-02-21 14:00:00,2.595756635267896,70.00888977764511,5.278454772537553,0
2023-02-21 15:00:00,2.512254880022455,88.9121732689336,5.263485086860519,0
2023-02-21 16:00:00,2.959788684250548,50.754832095554455,2.335432588056512,0
2023-02-21 17:00:00,2.670082269901045,64.74651994568737,2.9968732572481738,0
2023-02-21 18:00:00,3.171988479959686,68.25190376961004,4.475147662880012,0
2023-02-21 19:00:00,2.7283445117283778,63.58796464334507,2.5417630560096294,0
2023-02-21 20:00:00,3.7699517522413144,59.19245253121082,3.524724393481736,0
2023-02-21 21:00:00,1.1746577006011523,53.48023578857786,7.42164304037008,0
2023-02-21 22:00:00,2.7336916144255508,86.01541135838227,3.74934308153582,1
2023-02-21 23:00:00,2.1402700411950666,88.75783368011375,4.106497270276914,0
2023-02-22 00:00:00,1.2251007568443981,73.73413052766918,2.7014246289818047,0
2023-02-22 01:00:00,2.5666621803326617,65.11483562765785,3.7552175885291197,0
2023-02-22 02:00:00,1.222327998529804,70.1592107945567,3.3621438242319512,0
2023-02-22 03:00:00,3.105735435719359,67.61402392939323,4.099920845659226,0
2023-02-22 04:00:00,3.9570919632903485,55.457344274851295,6.119894487648603,0
2023-02-22 05:00:00,2.8306412739089666,73.76159004529106,2.286826126064466,1
2023-02-22 06:00:00,2.81994382918848,76.68928654862071,5.849564494262563,0
2023-02-22 07:00:00,2.8457455303508854,51.86021737112775,6.248230439588228,0
2023-02-22 08:00:00,1.4855066248690754,58.006902113582605,3.1225639409047745,0
2023-02-22 09:00:00,2.4767179886804382,69.56244295090508,5.417149105995764,1
2023-02-22 10:00:00,3.752412537779649,71.59544248764365,3.2613357395966216,0
2023-02-22 11:00:00,2.791429975887764,46.09669550587536,6.5954573818527695,0
2023-02-22 12:00:00,3.938448205752917,54.72374735469781,4.153305788123146,0
2023-02-22 13:00:00,2.631912848957287,65.19771284549878,3.3185863663977204,0
2023-02-22 14:00:00,1.8000393234864358,75.51443730914767,4.723153110493566,0
2023-02-22 15:00:00,2.2702178218172544,66.96605093221686,2.2663507285978293,0
2023-02-22 16:00:00,2.9120508400059455,71.39459508592469,5.196361146505095,0
2023-02-22 17:00:00,2.9185364371597693,59.75929343435182,4.392528677885006,0
2023-02-22 18:00:00,1.8256440183920764,57.61067256890112,5.119391900826981,0
2023-02-22 19:00:00,2.007956157646193,75.46638539101849,1.807692320111066,0
2023-02-22 20:00:00,2.871182018704853,59.6256477427917,4.027932826417997,0
2023-02-22 21:00:00,3.7187326491960038,61.36062109481997,4.628337359498045,0
2023-02-22 22:00:00,4.468931438802623,64.15066501937494,3.9695920524389408,0
2023-02-22 23:00:00,3.613837110285882,71.73501345703114,3.5987521504590583,0
2023-02-23 00:00:00,3.4480455546262174,61.338076411511224,3.6754354382445626,0
2023-02-23 01:00:00,0.6676486088831979,60.83966808782739,2.9278268263582206,0
2023-02-23 02:00:00,1.3819440415898623,58.34533770336091,8.95068897558517,0
2023-02-23 03:00:00,2.3888930431646886,67.54904614489425,3.396021178131803,1
2023-02-23 04:00:00,4.431520065718197,57.275233711343155,3.6013206675906666,0
2023-02-23 05:00:00,2.4188994510479485,67.2447251467842,4.7856746057891595,1
2023-02-23 06:00:00,3.0004682928025566,70.65814327620016,2.6240359268473776,0
2023-02-23 07:00:00,2.560636935098841,78.80413884254128,3.9923605823692787,1
2023-02-23 08:00:00,3.2834964549256735,46.47970229271705,7.298822473445622,0
2023-02-23 09:00:00,3.433755407502684,79.48189638638654,5.794357121427698,0
2023-02-23 10:00:00,1.8966088370840324,69.56727532432232,3.9846468242414788,0
2023-02-23 11:00:00,1.371069371608708,62.737407353695545,4.064526821558015,0
2023-02-23 12:00:00,1.1277273313959573,79.36584391547251,4.13388439601047,0
2023-02-23 13:00:00,1.823565335074535,71.84639688989338,4.777031142504057,0
2023-02-23 14:00:00,3.865131818635512,77.08148870077423,3.1535600987964307,0
2023-02-23 15:00:00,1.986943025276329,57.299888933703876,2.8211509406554924,0
2023-02-23 16:00:00,2.273720323118286,72.5917090645173,5.380071406899909,0
2023-02-23 17:00:00,2.2522605501927706,68.65016477108034,4.791467182796518,0
2023-02-23 18:00:00,3.4195215492638393,49.33188134407032,5.332140076949593,0
2023-02-23 19:00:00,4.679031297594121,64.96721401636192,4.763042979169958,0
2023-02-23 20:00:00,2.6472455351256023,60.351592059228324,1.932997453913348,0
2023-02-23 21:00:00,2.9494806781344662,51.43620529588052,6.204250174846365,0
2023-02-23 22:00:00,2.88419757317329,47.03526639929779,5.175271835611262,0
2023-02-23 23:00:00,1.883480654484448,73.82491149876228,5.366979920150737,1
2023-02-24 00:00:00,2.368565210044929,87.63139835116664,7.160246353884695,1
2023-02-24 01:00:00,4.421285247390178,79.16414127050689,5.265768263313301,0
2023-02-24 02:00:00,3.5286387136659414,42.33622358539236,4.529839498894636,0
2023-02-24 03:00:00,1.5775416429710267,67.82563400219358,5.572069401480645,0
2023-02-24 04:00:00,1.781199743207388,55.41223421984337,4.940888852801816,0
2023-02-24 05:00:00,3.392945147323663,62.295917992338694,4.465989103837754,0
2023-02-24 06:00:00,0.939574567545912,73.4806947973299,2.841116798204645,0
2023-02-24 07:00:00,2.458302651057081,62.9527839449286,4.32550953276988,0
2023-02-24 08:00:00,1.8412366190666631,57.36500912456489,4.350071590861534,1
2023-02-24 09:00:00,2.4463587801235875,67.5605525952219,2.7563501412553273,0
2023-02-24 10:00:00,0.9328565044611865,60.983476840522876,2.1618730332980025,0
2023-02-24 11:00:00,2.725341442477894,64.95067573162966,4.676823052206542,0
2023-02-24 12:00:00,1.955597367122361,68.72038089281854,5.382580058275442,0
2023-02-24 13:00:00,1.8303306147986063,65.02945666793887,3.85715695895527,0
2023-02-24 14:00:00,1.6740340735416384,52.29270583254669,2.2477619613701325,0
2023-02-24 15:00:00,3.510621202251521,56.152528366060935,3.0378513544076147,0
2023-02-24 16:00:00,3.334861850615431,69.53489881098338,6.168662416753439,0
2023-02-24 17:00:00,3.0495480623344067,66.58956704717136,2.7045417496074027,0
2023-02-24 18:00:00,1.487991174631905,77.64090874314792,4.497253704690572,0
2023-02-24 19:00:00,1.7538177457759934,50.46949320841417,6.117744511702289,0
2023-02-24 20:00:00,2.0992276929476437,60.13515211690912,2.7910246528811227,0
2023-02-24 21:00:00,4.1071872959769795,79.13005515585363,3.3835727268675644,1
2023-02-24 22:00:00,3.039486990561988,82.27845117462519,2.311975735620673,0
2023-02-24 23:00:00,1.5862881472684531,70.50717222288544,5.26226031071187,0
2023-02-25 00:00:00,2.5692579346086966,61.3492813640234,5.122691008012882,0
2023-02-25 01:00:00,2.2352357631151474,47.81010412433718,5.0875639731380735,0
2023-02-25 02:00:00,3.6438538616374654,73.75020342050782,3.844243422947294,0
2023-02-25 03:00:00,2.919130710139235,54.06445787141984,4.108779889394968,0
2023-02-25 04:00:00,4.167736188251452,68.97513498257358,4.622731025242929,0
2023-02-25 05:00:00,2.0784083294897764,65.1149349932548,4.5377030909323794,0
2023-02-25 06:00:00,4.144429782213285,59.91481860911502,3.0773103590645703,0
2023-02-25 07:00:00,2.7560786192425897,71.35188161574075,4.4068259881301195,0
2023-02-25 08:00:00,2.355725445577386,71.89580975826131,6.174105656530937,0
2023-02-25 09:00:00,1.7712779232708566,70.45078276657736,5.130274920169438,0
2023-02-25 10:00:00,2.7942768373568927,61.051825641761795,4.535028799685955,0
2023-02-25 11:00:00,3.0548673512370836,66.2974202726419,1.6881307851236302,0
2023-02-25 12:00:00,3.1561141952927914,57.145007344413386,6.158599265245773,0
2023-02-25 13:00:00,1.9460970348898143,66.06393105552245,2.055093479915099,0
2023-02-25 14:00:00,3.1873905758279286,52.73529761627374,2.206976914159744,0
2023-02-25 15:00:00,2.0997307853999176,59.93839277639505,1.8095554704730654,0
2023-02-25 16:00:00,1.2478456039245382,70.55412194318768,2.4969695879567064,0
2023-02-25 17:00:00,1.7180068840403397,73.21026457495014,3.8618576564023868,0
2023-02-25 18:00:00,2.707855154286888,64.9041629122693,4.3895323659306555,0
2023-02-25 19:00:00,1.7785838988097926,58.98110206810758,4.999708514611839,0
2023-02-25 20:00:00,2.2521344120393754,57.01973846338991,6.467453350101946,0
2023-02-25 21:00:00,2.007912913521941,68.65179252761588,4.04784498404973,0
2023-02-25 22:00:00,0.8827364242149314,63.544593314894286,5.123189694887242,0
2023-02-25 23:00:00,2.265245378666238,67.38137230658467,2.463699225949409,0
2023-02-26 00:00:00,0.9958405914468791,79.84385507103889,3.329754160589347,0
2023-02-26 01:00:00,2.028545670044766,83.7876264496443,4.387301344552392,0
2023-02-26 02:00:00,1.9857280744806793,63.15287159403972,6.983520517198356,0
2023-02-26 03:00:00,3.1902847371962593,74.96604452680116,5.650588297116308,0
2023-02-26 04:00:00,1.4544142809541407,70.91067978140336,3.1679252589100497,1
2023-02-26 05:00:00,1.5758045470476643,78.5552424583894,2.496407117315356,0
2023-02-26 06:00:00,1.0878614461095288,48.42006262935675,7.5116158717068835,0
2023-02-26 07:00:00,2.844781462901932,68.23664687369373,7.981110371734058,0
2023-02-26 08:00:00,1.9953345489888346,54.922743227767526,3.081610280318187,0
2023-02-26 09:00:00,1.4861347727354095,88.67059284588288,3.451097400396027,0
2023-02-26 10:00:00,3.867855120723587,76.14769965760247,3.436146167831268,0
2023-02-26 11:00:00,2.334385497533622,61.06936049559463,5.06265711196329,0
2023-02-26 12:00:00,1.429961493250221,82.7011672538297,3.811740280057675,0
2023-02-26 13:00:00,2.0632329636081805,61.70007122579194,2.587210698117617,0
2023-02-26 14:00:00,1.509886490175457,70.57070116091636,1.8945008294067804,1
2023-02-26 15:00:00,2.0966079338422032,76.97257588575941,6.068851198692235,0
2023-02-26 16:00:00,3.65813243141465,62.224386627329785,1.9842014159811319,0
2023-02-26 17:00:00,2.710385204883104,63.948586319532986,6.65360215454834,0
2023-02-26 18:00:00,2.239997344846406,67.93222293002812,4.5627005225423725,0
2023-02-26 19:00:00,2.2512570949126993,51.864129719031126,3.6961984984034277,0
2023-02-26 20:00:00,2.9007022656535146,60.89812917002454,4.124711441666646,0
2023-02-26 21:00:00,1.6303762777708772,50.78261023332842,3.3631333047491245,0
2023-02-26 22:00:00,3.2124695693270287,63.86118726544204,5.076955034447871,0
2023-02-26 23:00:00,2.2115808576035008,95.10845990792498,3.6299504281245767,0
2023-02-27 00:00:00,1.6400437797501994,69.5508357173526,4.031354123386116,0
2023-02-27 01:00:00,1.314081460719927,40.860833161604816,4.96935253529205,0
2023-02-27 02:00:00,2.1107038882562787,66.92841496489034,4.442858190801746,0
2023-02-27 03:00:00,1.3164355460250592,61.604154687101314,3.9016253247861736,0
2023-02-27 04:00:00,1.9252446485833892,72.00904965546687,3.974291060027838,0
2023-02-27 05:00:00,1.3768717912351212,66.32380341555273,5.5737825364683555,0
2023-02-27 06:00:00,1.7865860906671802,84.90619654137554,2.9292843771291057,0
2023-02-27 07:00:00,2.585810433805398,50.28432594573455,4.189000144514258,1
2023-02-27 08:00:00,1.7821138264329317,56.733479485319066,3.4180231791364615,1
2023-02-27 09:00:00,3.775774632589039,63.65473955000046,3.20216562469987,0
2023-02-27 10:00:00,3.1539387302598927,70.42778545868836,3.5587402921227946,0
2023-02-27 11:00:00,2.0776668659752495,55.89790595384012,4.228542383755157,0
2023-02-27 12:00:00,2.1079960535796616,41.88311114780702,4.209894923893799,0
2023-02-27 13:00:00,3.3233149069276267,80.05257496146172,8.89114472411109,0
2023-02-27 14:00:00,3.3311455311964924,88.46523459712155,4.1536413840107835,0
2023-02-27 15:00:00,3.6685531622381546,43.39214088091143,8.123126128166593,0
2023-02-27 16:00:00,1.780692495839601,54.60693355233473,5.893062645087526,0
2023-02-27 17:00:00,3.0946066436651725,55.85336228067703,6.022580312396104,0
2023-02-27 18:00:00,2.367431880263185,64.70884743905528,4.708064989895753,0
2023-02-27 19:00:00,1.6978382454313814,75.69044042431007,5.560898724828601,0
2023-02-27 20:00:00,1.3691008627482835,55.89449267653812,4.213105905932073,0
2023-02-27 21:00:00,2.243038874866688,67.23812060747356,5.601187250491453,1
2023-02-27 22:00:00,1.1474976042442655,76.09179922524106,6.055200605315852,0
2023-02-27 23:00:00,0.5325575384971653,79.74931395966408,2.8430512315406475,0
2023-02-28 00:00:00,1.8744347911138144,62.77638613496476,4.4897216402474145,0
2023-02-28 01:00:00,3.272786354700424,64.48890158019053,5.428509933342718,0
2023-02-28 02:00:00,2.898213816942618,71.33441057725028,0.7905439051176901,1
2023-02-28 03:00:00,2.5877917578017446,68.86721227370643,1.6013340836259724,0
2023-02-28 04:00:00,1.4610698091670145,59.21962386946498,3.0447283698173164,0
2023-02-28 05:00:00,2.7205653645991403,50.931312426176255,2.892201471989522,0
2023-02-28 06:00:00,2.1603718413815542,67.22175158210842,4.4903741439299765,0
2023-02-28 07:00:00,2.4465030401868946,48.43063248419611,6.00923050876421,0
2023-02-28 08:00:00,2.908912958824903,63.48622035589559,4.970404721161658,0
2023-02-28 09:00:00,2.328907428309134,66.61372136179516,2.291100430194329,0
2023-02-28 10:00:00,2.657752564390889,66.51097594698633,2.8243657850934323,0
2023-02-28 11:00:00,2.9147978244865484,74.50445172292126,2.6598538255533386,0
2023-02-28 12:00:00,2.950667243579982,43.251592989655684,4.739592012191931,0
2023-02-28 13:00:00,1.4393999687527577,61.96100210220216,4.466876311081879,0
2023-02-28 14:00:00,3.7274099604180897,63.98652043434126,5.876796016189367,0
2023-02-28 15:00:00,3.8879484146329677,48.85798367395232,1.2466845884699302,0
2023-02-28 16:00:00,2.2822055107431916,82.59377529469987,5.060766686005087,0
2023-02-28 17:00:00,1.9755392454207337,51.6184278490541,3.1102699810891004,0
2023-02-28 18:00:00,2.3298730596638366,73.72343881504369,5.61482743396668,0
2023-02-28 19:00:00,3.510783634862343,57.42365737443091,3.9626177162210032,0
2023-02-28 20:00:00,2.6775122373797418,77.84565434884296,2.748644722969233,0
2023-02-28 21:00:00,0.0662875876469795,70.36869569221159,3.84992564296622,0
2023-02-28 22:00:00,2.49488920668534,63.49718480053533,5.3574777230832105,0
2023-02-28 23:00:00,3.300072636905179,64.78943462642086,3.861150065325609,0
2023-03-01 00:00:00,1.0273355437714513,66.10895352539883,1.9081524691184284,0
2023-03-01 01:00:00,2.7938972168986056,58.11173272424427,3.170756670420692,0
2023-03-01 02:00:00,2.3637768660071945,54.63381674483804,2.3531749958515777,0
2023-03-01 03:00:00,3.6714173157532946,68.17518823113689,4.037158122317044,0
2023-03-01 04:00:00,3.816627070944323,55.64168651026482,6.033559005200328,0
2023-03-01 05:00:00,1.2856480192940127,67.18726520473446,4.966570821574568,0
2023-03-01 06:00:00,2.766947890619125,56.14786208014485,4.786696914643051,0
2023-03-01 07:00:00,1.3427031889157521,68.12524736934542,4.7205152747795625,0
2023-03-01 08:00:00,2.5754204438351307,77.30122092855629,5.580388360055883,0
2023-03-01 09:00:00,3.2813965217654566,65.11902215747767,3.3774312204362626,0
2023-03-01 10:00:00,2.2243265556858267,73.55887786578448,4.420829770013546,1
2023-03-01 11:00:00,2.3475692419675056,89.83629076446155,5.102914655586628,0
2023-03-01 12:00:00,2.6733580653885833,82.41013391060791,1.8638025340024686,0
2023-03-01 13:00:00,2.039576386533417,73.13400625132383,6.6230130938652145,0
2023-03-01 14:00:00,1.6653336231518807,56.621123977469615,4.213099887942704,0
2023-03-01 15:00:00,3.3433499981813437,53.99353879136593,4.980125327434617,0
2023-03-01 16:00:00,2.6252263211613265,68.720056671888,5.060324317098082,1
2023-03-01 17:00:00,2.982995590044268,51.45449842427436,5.251468080329683,0
2023-03-01 18:00:00,3.9767088174497855,66.76266130619003,4.224440960666301,1
2023-03-01 19:00:00,4.750795464228052,85.85091638557572,4.448234964003579,0
2023-03-01 20:00:00,2.3501128635135426,82.58038084449026,4.707680460992341,0
2023-03-01 21:00:00,3.086891419417406,73.51433131047322,4.6631889782396625,0
2023-03-01 22:00:00,2.845004577033301,63.41347573961388,2.605580830227015,0
2023-03-01 23:00:00,2.7521994991297176,56.0383288372537,3.1027559937489464,0
2023-03-02 00:00:00,2.4573573043898187,82.1501799296967,6.971766060753865,0
2023-03-02 01:00:00,3.3369803977062396,60.54759746078117,1.7033050702776755,0
2023-03-02 02:00:00,1.4802497543348099,54.72063706872082,5.410297432619277,0
2023-03-02 03:00:00,1.3189520990384453,75.53215120648184,2.985759718666814,0
2023-03-02 04:00:00,2.722239364707077,57.702283866547326,5.715541705228674,0
2023-03-02 05:00:00,2.5582313889114148,63.616498645137554,6.017082440857479,0
2023-03-02 06:00:00,1.6754756803904765,60.670028465600566,5.911366186355483,0
2023-03-02 07:00:00,5.179412889424475,88.06431207987694,1.892862683878446,0
2023-03-02 08:00:00,1.878860881794935,63.69895871126383,7.222336566148771,0
2023-03-02 09:00:00,2.396110730085436,62.698820189485545,4.959441397586591,0
2023-03-02 10:00:00,1.523353925557318,60.215786306294355,6.292135209680197,0
2023-03-02 11:00:00,2.1056667730732603,83.96931163816365,5.47697574106404,0
2023-03-02 12:00:00,3.5386439781045085,43.314350383145474,5.182996637897965,1
2023-03-02 13:00:00,2.763182060161138,57.71185014783747,2.276194446288537,1
2023-03-02 14:00:00,1.4842107658570527,56.10408552266691,2.767917116859965,0
2023-03-02 15:00:00,3.522016437714371,66.48029042257693,3.3230418921679727,0
2023-03-02 16:00:00,1.3012490200124511,66.99960400707404,1.872651533626926,0
2023-03-02 17:00:00,3.594110912486363,53.02045444679791,4.88617704222945,0
2023-03-02 18:00:00,2.606116921724994,65.07121654357562,4.284921090159267,0
2023-03-02 19:00:00,3.0203367965504224,72.26073338824308,3.9293982389428574,0
2023-03-02 20:00:00,3.0366598671582805,66.52543152312005,2.765054151160765,0
2023-03-02 21:00:00,2.19049240021064,76.35250559559326,5.071519746608465,0
2023-03-02 22:00:00,1.9542549833549558,66.38497025515272,3.1708862147499617,1
2023-03-02 23:00:00,2.15502039436125,56.72032961781285,0.6371816510308417,0
2023-03-03 00:00:00,2.974314168136754,55.60911159365216,5.656047892905294,0
2023-03-03 01:00:00,2.8976260178573146,80.35378469918594,2.4395930975080575,0
2023-03-03 02:00:00,1.5188554789894941,88.31800926124023,1.0368834434048182,0
2023-03-03 03:00:00,1.4620053120033194,63.90807047549217,6.793838889685375,0
2023-03-03 04:00:00,2.8424119255614695,70.92881416708171,1.793148127876313,0
2023-03-03 05:00:00,2.451582832829119,108.44597768604143,10.622268850672082,1
2023-03-03 06:00:00,1.973057448309425,71.08813030570799,4.936891840331523,0
2023-03-03 07:00:00,2.52684314075523,82.30938015100953,1.4441205379827693,0
2023-03-03 08:00:00,3.387889139904501,61.669832147597425,4.4723479555918715,0
2023-03-03 09:00:00,2.0061148423982753,62.70658646666786,2.906497662018781,0
2023-03-03 10:00:00,1.416395760901034,58.52549160494789,-0.9139807683705214,0
2023-03-03 11:00:00,2.2014197651784135,63.90549567914152,6.659960620547906,0
2023-03-03 12:00:00,2.49101493037487,63.64623051686879,3.8637595906848037,1
2023-03-03 13:00:00,1.9566269878901097,80.49853425041894,4.095907300317818,0
2023-03-03 14:00:00,2.1508521369614537,79.80297335791167,4.55835683454579,0
2023-03-03 15:00:00,3.522113343009357,60.772958193321976,3.7765888355547164,0
2023-03-03 16:00:00,1.4154323414276486,69.81837372887547,3.3477730683476166,0
2023-03-03 17:00:00,2.522653850839371,57.419416152972154,4.123500491871971,0
2023-03-03 18:00:00,3.4357940520388874,64.47633147551345,7.01140849463966,0
2023-03-03 19:00:00,2.7354986860505726,60.24408674144667,5.67050123747053,0
2023-03-03 20:00:00,2.551063915898315,69.87392637589318,4.733749359655091,0
2023-03-03 21:00:00,2.7433754671085793,56.459176419815726,1.1834834491473094,0
2023-03-03 22:00:00,2.3039831410832408,71.79154058530908,4.835353992851272,0
2023-03-03 23:00:00,2.5198234495618377,57.374312982244405,4.538219162515283,0
2023-03-04 00:00:00,2.8062290323558123,62.47970407761057,5.4773620510112195,0
2023-03-04 01:00:00,1.4120065479104646,67.50627854979473,4.6934342319166715,0
2023-03-04 02:00:00,3.2836729462766083,61.64900102342842,1.6892384024816098,0
2023-03-04 03:00:00,3.6251152236415596,61.548502531464436,4.273892271234651,0
2023-03-04 04:00:00,3.146596252565132,81.37791799315174,5.017860708034653,0
2023-03-04 05:00:00,3.3616935433848933,58.1449428302394,5.351424610746906,0
2023-03-04 06:00:00,1.5989985459067664,68.22568398406969,5.732035704378928,0
2023-03-04 07:00:00,3.090527951595016,57.29891865447257,4.919390480790477,0
2023-03-04 08:00:00,2.1664412155453814,58.26387321390434,6.655430415047581,0
2023-03-04 09:00:00,2.4901693978223323,65.79145022537892,4.388293465266052,0
2023-03-04 10:00:00,5.864594978145418,101.53977220521229,8.030210863913409,1
2023-03-04 11:00:00,3.3050213999037608,61.74416709574366,2.9148803743770655,0
2023-03-04 12:00:00,2.5786970246798533,72.89734973552069,5.6246365038974195,1
2023-03-04 13:00:00,2.4693322164221594,54.767050417503526,4.484065870252144,0
2023-03-04 14:00:00,2.268710031977205,70.0013663121273,4.843809298786585,0
2023-03-04 15:00:00,1.4762913655047183,50.23973818498608,4.240721324161126,0
2023-03-04 16:00:00,2.47645585221897,55.21946922630547,6.120216776292394,0
2023-03-04 17:00:00,4.800002552699002,133.32215264796417,2.0651910857054956,1
2023-03-04 18:00:00,2.968602598629331,65.26258394890552,2.0796349605839968,0
2023-03-04 19:00:00,1.908055191524789,56.753720112568885,5.363351094488701,0
2023-03-04 20:00:00,3.0799697759966245,46.32502891414932,4.240679585777709,0
2023-03-04 21:00:00,2.1599301584083914,68.28783494040448,5.454748624387956,0
2023-03-04 22:00:00,1.9832893475699551,67.74599147832924,2.989945306422407,0
2023-03-04 23:00:00,3.5862411181794407,65.71257333259823,5.739240394284394,0
2023-03-05 00:00:00,2.2220672258180967,73.09890547922667,1.252974638535615,0
2023-03-05 01:00:00,0.7109513225031867,69.91744803946787,5.8507613624677735,0
2023-03-05 02:00:00,2.2306716950731635,51.56224994647085,3.01676004213989,0
2023-03-05 03:00:00,3.0886761270426426,58.13711280062118,5.9496332130415,0
2023-03-05 04:00:00,2.2238193812658373,81.6067616055578,2.5572787555640124,0
2023-03-05 05:00:00,2.7936188444789027,47.62891301476606,7.267387920675632,1
2023-03-05 06:00:00,2.7103115721358053,62.45360770811902,5.159307899098346,0
2023-03-05 07:00:00,1.7619657920562455,54.02700420563994,6.316991767454496,0
2023-03-05 08:00:00,0.7206986633711412,41.983546241527534,4.1044078709480205,0
2023-03-05 09:00:00,2.3380279947531157,66.88274209866485,3.795541845721797,0
2023-03-05 10:00:00,2.514391127002254,55.043243473731295,5.373925289482804,0
2023-03-05 11:00:00,2.1900249722006784,63.11666296800203,7.209330004564541,0
2023-03-05 12:00:00,2.0625914469885203,58.77531873657442,3.67192901629364,0
2023-03-05 13:00:00,4.052595290832828,49.25410581984893,2.5178813961637623,0
2023-03-05 14:00:00,5.071645124734026,68.80470104284962,3.3952440278936455,0
2023-03-05 15:00:00,2.95227335913598,55.9218551649047,2.4992370159079753,0
2023-03-05 16:00:00,3.0222112834965724,57.19954765510738,2.3443130233616025,0
2023-03-05 17:00:00,1.6728044962215916,66.05936553709049,3.204473964827864,0
2023-03-05 18:00:00,2.16151001614842,68.10267243357772,4.13106256111735,0
2023-03-05 19:00:00,2.2814343281767435,61.95824973943502,5.7381803859294305,0
2023-03-05 20:00:00,2.659155818723675,35.53028166540676,2.4959698759502955,0
2023-03-05 21:00:00,3.0391282532170885,57.49436009215716,5.027780603804959,0
2023-03-05 22:00:00,1.1946292851420317,54.51048363894206,4.360891001476047,0
2023-03-05 23:00:00,2.8179123679603677,69.74120952571202,2.5418212028968865,0
2023-03-06 00:00:00,2.149036040822254,70.51798040044548,0.7884318444608391,0
2023-03-06 01:00:00,2.141514362319349,69.41190353609088,4.228241231206212,0
2023-03-06 02:00:00,2.5433542613114537,62.97868284304,5.3680512144945025,0
2023-03-06 03:00:00,2.6533555108319256,52.00668119429547,3.869148164812687,0
2023-03-06 04:00:00,2.106281238989188,48.720693835580086,5.671413902571824,0
2023-03-06 05:00:00,2.4682917457146454,59.433273970910555,2.6948853830381023,0
2023-03-06 06:00:00,2.3145127120832236,43.39177464487426,3.0664836019328305,0
2023-03-06 07:00:00,2.9653197956315975,63.8006384707118,2.894618685566923,0
2023-03-06 08:00:00,2.9464303872278013,67.40744335465587,5.214381653829262,0
2023-03-06 09:00:00,1.7459663100839247,62.45334075695746,3.0783397076588335,0
2023-03-06 10:00:00,3.444128115487354,76.01494504982304,6.121692240457801,0
2023-03-06 11:00:00,3.1746265712937483,77.69873041115432,4.789402567435548,0
2023-03-06 12:00:00,1.339172099131867,74.34897870435479,4.12057766724086,0
2023-03-06 13:00:00,2.9032562490158815,67.40611365506506,5.221196940208401,0
2023-03-06 14:00:00,2.1904103963605506,62.813366187408135,6.286972820071275,0
2023-03-06 15:00:00,2.6520899336257333,54.945882374436664,7.916880289130477,0
2023-03-06 16:00:00,4.3359807157783745,57.30959730644465,4.71075737620163,0
2023-03-06 17:00:00,2.1629756406829377,70.76034528363232,5.32228864195878,0
2023-03-06 18:00:00,3.5486415482191025,103.94711708780329,5.415362339491912,1
2023-03-06 19:00:00,1.8493489502795906,45.10621289558024,3.101085644252114,0
2023-03-06 20:00:00,1.3972389051419725,64.50379079321645,4.525463097942449,1
2023-03-06 21:00:00,2.8009770785786055,59.42840004571144,4.93287866670886,0
2023-03-06 22:00:00,2.662450252389105,57.70320567866136,3.129082087841478,0
2023-03-06 23:00:00,3.2658112320858077,65.1819610906194,7.697732435666253,0
2023-03-07 00:00:00,2.277132976866279,44.282910346224625,4.622095721709289,0
2023-03-07 01:00:00,2.237809132474331,77.80043945917517,3.229531127096755,0
2023-03-07 02:00:00,3.6318700397280077,55.295387034005486,5.965700004732209,0
2023-03-07 03:00:00,2.187488610049403,68.90014165833234,3.929926108142832,0
2023-03-07 04:00:00,2.966760612528303,58.243595623919056,3.988841374184762,1
2023-03-07 05:00:00,1.2468577912033585,66.36385124435705,3.3583953113859843,1
2023-03-07 06:00:00,3.1437756464040594,72.49040584676756,3.6211082788245195,0
2023-03-07 07:00:00,1.8647934436795874,69.42894407334103,4.904728416274866,1
2023-03-07 08:00:00,3.5491070588936395,53.98937854024662,6.954789873895284,0
2023-03-07 09:00:00,3.45741307703516,67.45951875001636,1.9252500580453216,0
2023-03-07 10:00:00,3.5037883709213937,75.73298708165935,4.218118970025928,0
2023-03-07 11:00:00,4.667563623317644,43.54001731093874,3.622182511817903,0
2023-03-07 12:00:00,2.8282246154593262,63.130672787333545,2.5049837582899515,0
2023-03-07 13:00:00,2.5068266396131493,49.81900573417158,5.159370051816983,1
2023-03-07 14:00:00,2.815451598442222,65.39318314927765,5.062599503271786,0
2023-03-07 15:00:00,0.9634347208373564,69.06498121182764,3.104507855860275,0
2023-03-07 16:00:00,3.3234898047021626,63.08878898026015,3.348225609751731,0
2023-03-07 17:00:00,2.660315458894015,40.27394399107353,2.0365021803781165,1
2023-03-07 18:00:00,1.8002150564580717,54.94657636974168,3.6485861568151012,0
2023-03-07 19:00:00,2.507360180805751,61.450027972728506,4.506502686665119,0
2023-03-07 20:00:00,2.471558780602798,68.95864356921271,4.348991211661289,0
2023-03-07 21:00:00,3.8479592885233833,56.17146651445768,3.2025641905293396,1
2023-03-07 22:00:00,2.775782902788215,63.11487829147058,4.09536594498934,0
2023-03-07 23:00:00,2.9298517769239014,58.28645070804559,1.3786264630663183,1
2023-03-08 00:00:00,2.7937624176386135,70.85488306900493,3.7108260341449433,0
2023-03-08 01:00:00,3.132697561827694,72.23436383612085,5.014475173552821,1
2023-03-08 02:00:00,2.5543024598859425,71.32102784211659,6.343798647640446,1
2023-03-08 03:00:00,1.9535079464790273,67.48549610062892,3.7240163165263374,0
2023-03-08 04:00:00,3.0711673120080087,71.92989143275273,7.133307488881028,0
2023-03-08 05:00:00,1.4154638500682022,64.57645708183634,4.431295546515724,0
2023-03-08 06:00:00,3.8809956373326866,67.70990648544014,3.9780627750883943,0
2023-03-08 07:00:00,2.069136228649691,76.9181593899843,4.386289896419399,0
2023-03-08 08:00:00,1.9159614048887383,46.390919095689135,6.386705393214227,0
2023-03-08 09:00:00,1.9228672317579645,53.41610292010863,2.5638474041900707,0
2023-03-08 10:00:00,2.783923290255594,67.25172341141148,0.20201465425034115,0
2023-03-08 11:00:00,2.7184030084579014,79.92739640388693,3.401683198191243,0
2023-03-08 12:00:00,1.015977795344895,60.089164990654155,2.9948228102979124,0
2023-03-08 13:00:00,2.8058920504466096,54.978480771663726,3.4671655653818587,0
2023-03-08 14:00:00,3.1183302436257327,59.80220990935598,5.799723288617333,1
2023-03-08 15:00:00,2.25342444381822,86.224591874932,5.3275040024250035,0
2023-03-08 16:00:00,1.8167400976131198,75.26154962215557,2.499270250845759,0
2023-03-08 17:00:00,2.6022326296940115,56.58440020100527,2.337191723225214,0
2023-03-08 18:00:00,-0.05225426995721083,65.41635438102662,4.681667408196819,0
2023-03-08 19:00:00,3.502317295099737,64.03131902179386,3.8633751143314776,0
2023-03-08 20:00:00,3.161784340423377,61.22527506014313,3.5526362004237244,0
2023-03-08 21:00:00,3.415846969676745,60.657227844398534,3.972212750158917,0
2023-03-08 22:00:00,4.132577366352586,78.77760973730724,2.0332725355015007,1
2023-03-08 23:00:00,2.786961364735093,53.90361382847358,3.8094898866111904,1
2023-03-09 00:00:00,1.7058462652754813,61.303546277263095,5.572065820336908,0
2023-03-09 01:00:00,1.832215499933561,62.51819226736357,4.286732217525306,0
2023-03-09 02:00:00,2.1886247925189632,75.69643950771489,4.950563285922429,0
2023-03-09 03:00:00,2.2134711472952926,64.170164526595,2.979432912264918,0
2023-03-09 04:00:00,3.4100648481274836,56.16030009728575,2.220586956832825,0
2023-03-09 05:00:00,2.3527425556135197,70.58646541512118,3.1713821138369145,0
2023-03-09 06:00:00,2.7628979718532407,68.75190964961737,6.341837409651905,0
2023-03-09 07:00:00,3.4851820492218586,62.52610099189269,5.36184044385024,0
2023-03-09 08:00:00,2.4173154798374084,80.63306870580323,5.746937165446688,0
2023-03-09 09:00:00,1.5665489845572687,72.04902762431806,1.7775835364943888,0
2023-03-09 10:00:00,4.143916630587417,58.85657502902986,6.067601973191283,0
2023-03-09 11:00:00,3.6469864052555465,78.04417079700242,3.558500334501492,0
2023-03-09 12:00:00,0.8956370038159462,60.81979446001575,7.2894500668434885,0
2023-03-09 13:00:00,1.9349353091882686,72.75937287976818,5.676073299053723,0
2023-03-09 14:00:00,3.2326378303463104,87.37435551048394,4.115532286587867,0
2023-03-09 15:00:00,3.663725520947172,61.09762337352887,4.840204899003507,1
2023-03-09 16:00:00,3.435190893627059,72.03420292426819,2.8010357458833934,0
2023-03-09 17:00:00,2.997607530833122,73.71752007639645,3.597991010522919,1
2023-03-09 18:00:00,2.031716472875625,60.15358929432266,7.062804857773536,0
2023-03-09 19:00:00,3.138708590552611,57.172267818902945,6.537937497845383,0
2023-03-09 20:00:00,3.233378169949925,55.4812168336,5.407703186217951,0
2023-03-09 21:00:00,3.6166988273099596,76.1194904303158,4.54455766080755,0
2023-03-09 22:00:00,2.907029472511617,50.34884272054111,1.5552452346815242,0
2023-03-09 23:00:00,2.440194804439925,71.10046701415376,1.1102793141274252,0
2023-03-10 00:00:00,2.6822919187305176,62.76998528592451,6.787652717584979,0
2023-03-10 01:00:00,2.570854567368547,52.19606142771799,3.1769915881966706,0
2023-03-10 02:00:00,2.429620664254802,77.40602037391821,6.78091779468757,0
2023-03-10 03:00:00,2.7463707474397605,72.4191062673526,2.8115983871178702,0
2023-03-10 04:00:00,1.728723721713732,79.75006051979778,7.134069763061573,0
2023-03-10 05:00:00,3.907918211335904,61.96718964720951,4.0531810732709745,0
2023-03-10 06:00:00,1.7014722473348034,56.418198352834,3.3003181112517774,1
2023-03-10 07:00:00,2.88505957211936,72.84304243615044,6.022305962284162,0
2023-03-10 08:00:00,2.5833098805408103,65.35202758485025,4.279724817569058,0
2023-03-10 09:00:00,2.7261545396898197,53.46840821329846,2.956036199705582,0
2023-03-10 10:00:00,2.560830545862896,68.70086283731509,3.1123309610058323,0
2023-03-10 11:00:00,1.813214015738668,74.82257184923424,3.3608240179675377,0
2023-03-10 12:00:00,2.5915449221672153,62.1025705212778,5.173893854860931,0
2023-03-10 13:00:00,3.735675353609035,63.61518625577949,5.878226718254163,0
2023-03-10 14:00:00,4.172634356696563,54.223241141496516,3.111831032819844,0
2023-03-10 15:00:00,0.9905659618351959,60.729792203408834,4.238139540077809,1
2023-03-10 16:00:00,0.7638140724269433,72.558902180568,3.412672089710791,0
2023-03-10 17:00:00,1.5350604584248957,53.229314678617676,1.7484395347113795,0
2023-03-10 18:00:00,2.038051480172198,63.34859545337437,3.8793702440624904,0
2023-03-10 19:00:00,4.314751997047582,89.56095716163448,3.4500766016884454,0
2023-03-10 20:00:00,2.5617117195666625,106.83092136981244,8.99603616629665,1
2023-03-10 21:00:00,1.6847407108342733,79.19563217134511,2.216384271797218,0
2023-03-10 22:00:00,3.3792747463965487,57.717775407355425,5.813558702028323,0
2023-03-10 23:00:00,1.9098956905832738,60.087030669674576,4.6999430629167165,0
2023-03-11 00:00:00,3.0279544176694757,96.22899688138293,5.449597189892519,0
2023-03-11 01:00:00,2.5120167895532672,68.58537637180645,4.1313791148438135,0
2023-03-11 02:00:00,3.2850747578841113,59.09213308630043,5.215598756507746,0
2023-03-11 03:00:00,2.511942291737741,60.402970718725555,3.226786186914567,0
2023-03-11 04:00:00,3.5621085301957214,64.75820266576137,2.969024601599041,0
2023-03-11 05:00:00,3.2322162661768443,59.35449135431371,0.18124612370101456,0
2023-03-11 06:00:00,1.6812145087555963,81.25216437857175,1.6196543123230676,0
2023-03-11 07:00:00,2.996959670332895,58.88816838074139,4.26772088718193,0
2023-03-11 08:00:00,0.5953581214948729,62.948633590357396,5.945537065203212,0
2023-03-11 09:00:00,1.854748184198588,78.94199127961106,4.697149912384539,0
2023-03-11 10:00:00,2.861793155272104,75.21682194659856,2.993480671090737,0
2023-03-11 11:00:00,3.4536826276890147,64.56847816579943,2.47768284194611,0
2023-03-11 12:00:00,1.4239777624368588,70.63812665293388,4.17259372116327,0
2023-03-11 13:00:00,2.377406550697903,77.58015791462263,4.8511995324543244,0
2023-03-11 14:00:00,2.3189601624475005,62.757076237179405,3.412915967714282,0
2023-03-11 15:00:00,1.9875906909459196,42.75072544543036,4.706243677611223,0
2023-03-11 16:00:00,2.4419699561262562,52.75140092361711,4.247930769955122,0
2023-03-11 17:00:00,1.5815434289808468,80.83819354213921,1.6328469575083888,0
2023-03-11 18:00:00,3.56039344134731,62.36356414732425,2.890669920296144,0
2023-03-11 19:00:00,3.3230571924309453,69.1565723245033,4.495987042639756,0
2023-03-11 20:00:00,4.226382015295879,54.16406512818811,5.281886870162582,0
2023-03-11 21:00:00,2.3902856748024903,69.14684197239372,2.7348669286027794,0
2023-03-11 22:00:00,3.4186708976288402,73.58121874269173,2.5729400469056616,0
2023-03-11 23:00:00,2.917541237786871,83.30974345110357,7.510663772725924,0
2023-03-12 00:00:00,1.9261277371161887,69.70082509690181,4.048439110894136,0
2023-03-12 01:00:00,3.0832206729208957,43.627816330336906,3.510831727268153,0
2023-03-12 02:00:00,1.934482148931477,73.75189493212063,3.8450215479232317,0
2023-03-12 03:00:00,2.080725857745151,69.17139288278817,4.289657229314698,0
2023-03-12 04:00:00,2.9857004402623035,52.87596068949934,6.028433573424309,1
2023-03-12 05:00:00,2.661437385482842,58.34776576088001,0.6616194519758882,0
2023-03-12 06:00:00,2.7744852513220564,68.23467421404018,3.2989596051323256,0
2023-03-12 07:00:00,2.8089459035002617,52.64127560121352,4.577991124992766,1
2023-03-12 08:00:00,1.0030333858349227,57.43154225457767,3.191186922453076,0
2023-03-12 09:00:00,1.5372778714947644,78.34634595391273,5.927669637291499,0
2023-03-12 10:00:00,2.2976975898451975,53.150515657934996,4.292689632215684,0
2023-03-12 11:00:00,2.097932067097535,62.02898808585817,3.717871205340475,0
2023-03-12 12:00:00,0.4994133108616641,53.83019634509066,4.5424075258302485,0
2023-03-12 13:00:00,2.625945585504815,67.59159166473887,7.099867116050789,0
2023-03-12 14:00:00,2.15732924479831,41.590772765800516,5.462279542976553,0
2023-03-12 15:00:00,3.2473591456558637,58.41389840956901,3.995955488358136,0
2023-03-12 16:00:00,1.9052330833957614,79.46935128057535,2.306279886350865,0
2023-03-12 17:00:00,2.59201910650931,67.58668778548584,2.8556338898661107,0
2023-03-12 18:00:00,2.029779840849536,81.91101212669287,4.3259267471675775,0
2023-03-12 19:00:00,2.5011465465026634,57.76325849959693,2.648790508351438,0
2023-03-12 20:00:00,2.789389100155648,65.11008150176316,5.078886548302806,0
2023-03-12 21:00:00,1.6454556012283073,59.48358864647799,5.969420915390143,0
2023-03-12 22:00:00,1.8835729380446238,79.16020493388812,3.570120010737702,0
2023-03-12 23:00:00,3.679685459243074,50.34155616911077,6.065494549262303,0
2023-03-13 00:00:00,1.5314590350231372,63.19861001984962,6.454458516224,1
2023-03-13 01:00:00,3.6894358966215037,81.5178414388876,3.38690380127031,0
2023-03-13 02:00:00,4.272504191380557,66.25724364809,5.725026763060502,0
2023-03-13 03:00:00,3.0127776585902715,82.91460847199356,3.2161439664271407,0
2023-03-13 04:00:00,2.865695620867042,56.931396618964556,4.512786084490262,0
2023-03-13 05:00:00,2.227085166157551,50.20226626570549,5.165226108203017,0
2023-03-13 06:00:00,3.019327060348899,59.81588575249939,4.721621924452714,0
2023-03-13 07:00:00,1.023701127220248,43.36986052378786,6.690096778925714,0
2023-03-13 08:00:00,2.792544326776637,70.75968923960673,3.798053804715681,0
2023-03-13 09:00:00,1.5730651961578113,74.48942243460628,2.3453436759658564,0
2023-03-13 10:00:00,2.589399645674378,66.52371099269821,5.836380444209819,0
2023-03-13 11:00:00,3.3949117791489964,67.08489620542836,1.944068230825125,0
2023-03-13 12:00:00,2.4679235698574082,80.26874617240138,3.9509052185654605,0
2023-03-13 13:00:00,1.4425217489715154,69.36129464970583,5.249842088170874,0
2023-03-13 14:00:00,2.9313504595325757,66.474885911158,4.188548610510338,0
2023-03-13 15:00:00,3.378452243152554,71.41842079671758,3.355220638898223,0
2023-03-13 16:00:00,2.198980043419774,49.73862210806901,6.523261208538833,0
2023-03-13 17:00:00,2.42140309869789,58.377645119941945,4.29166928543209,0
2023-03-13 18:00:00,2.0705339342427753,55.998621621129644,2.8274204291149987,0
2023-03-13 19:00:00,0.24254201628703553,62.300552580292674,4.99694934842319,0
2023-03-13 20:00:00,1.2704192133436263,72.50977071267394,7.1836354759840635,0
2023-03-13 21:00:00,1.1476232702783502,65.42841398411517,5.456056199933684,0
2023-03-13 22:00:00,3.816195579941537,65.35516312846795,3.9727222174924237,0
2023-03-13 23:00:00,2.580251374743205,76.00615292534292,2.873368792048243,1
2023-03-14 00:00:00,2.7563691699713853,68.93031230137122,3.166225785503014,0
2023-03-14 01:00:00,3.251366642552014,62.26463136792001,5.889960434893459,0
2023-03-14 02:00:00,2.6578432414029005,56.120367528218836,2.9064405582160036,0
2023-03-14 03:00:00,4.059553028184095,46.41087761343826,3.585554516155545,0
2023-03-14 04:00:00,2.878644589476345,63.550073753371066,4.4951775264766205,0
2023-03-14 05:00:00,1.8457129050741603,74.50421572681589,5.307800147000384,0
2023-03-14 06:00:00,1.554501262077629,33.68288686476738,4.808865711708199,0
2023-03-14 07:00:00,2.7099288435404483,68.18709432221651,5.479303951426792,0
2023-03-14 08:00:00,2.1097975341264465,80.88831784449934,2.8357248441356284,0
2023-03-14 09:00:00,1.4163451517186638,77.97196167962389,3.9895498210888047,0
2023-03-14 10:00:00,3.0957725349513714,34.25297453802335,3.6561546518236905,1
2023-03-14 11:00:00,2.6554835020099463,75.28533951114275,3.2986078579268368,0
2023-03-14 12:00:00,3.563563359884639,58.56504501714198,3.988684351710206,0
2023-03-14 13:00:00,3.0870157235325135,55.31317569413589,3.089961452232096,0
2023-03-14 14:00:00,2.061549959463447,69.51932195671185,6.170434152196119,0
2023-03-14 15:00:00,1.9453457208710137,56.95704216953266,7.578315926251584,0
2023-03-14 16:00:00,3.3433286120183796,65.3926810828822,4.148874622984872,0
2023-03-14 17:00:00,2.8039277326637753,65.49756929546109,4.028816335471862,0
2023-03-14 18:00:00,5.4542092668267435,134.22817731437897,10.995175768683643,1
2023-03-14 19:00:00,3.044282575997601,59.276632563617966,5.484742632253724,0
2023-03-14 20:00:00,1.916757190338524,106.77331346559458,5.895691822218422,0
2023-03-14 21:00:00,2.4599997205518553,80.02014011040626,1.597062686649449,0
2023-03-14 22:00:00,2.831196346216996,54.70645765658018,5.384179485567975,0
2023-03-14 23:00:00,2.0673346751538566,81.07691174526663,0.47546212458413084,0
2023-03-15 00:00:00,2.4460476337917156,82.73068595392863,5.109317439934512,0
2023-03-15 01:00:00,2.5884747834614044,62.86849383680308,6.824157958922307,0
2023-03-15 02:00:00,3.5892806814405365,57.89204908640353,6.271078023040719,0
2023-03-15 03:00:00,2.9612441084882732,66.1800432180931,5.57871926251814,0
2023-03-15 04:00:00,2.085680443383469,73.00216358163314,4.867585199433664,0
2023-03-15 05:00:00,3.522390348983751,52.877430456936615,4.834766522658464,0
2023-03-15 06:00:00,1.7451867990121883,58.46725601030042,3.1619351385935897,0
2023-03-15 07:00:00,1.9537421920956612,58.14032547103978,4.20996830946098,0
2023-03-15 08:00:00,2.7480439132144854,63.62793772222722,5.263519715091805,0
2023-03-15 09:00:00,1.7007426528070893,64.11412488592309,4.012399853032384,0
2023-03-15 10:00:00,2.585806136799475,81.86269198801043,6.7847211079565435,0
2023-03-15 11:00:00,1.1841953500945344,72.87597894498685,3.269636615688218,0
2023-03-15 12:00:00,3.16517304172243,60.13565960066249,4.520278350520356,1
2023-03-15 13:00:00,3.091429058335625,79.70581473310662,0.5461039185590391,0
2023-03-15 14:00:00,1.018705407129568,62.89059890613244,3.366550645551108,0
2023-03-15 15:00:00,3.3018116149656525,57.97401983966604,4.594089867577894,0
2023-03-15 16:00:00,1.794387079412732,79.2829404571755,4.484172415232744,0
2023-03-15 17:00:00,3.350814047593458,52.8097859817569,4.90962553868245,0
2023-03-15 18:00:00,1.2661122533453641,52.84500498953177,4.11253776991814,0
2023-03-15 19:00:00,2.002377103501866,52.00800392609003,4.097657650155516,0
2023-03-15 20:00:00,2.279146363052976,65.02206838222239,4.683708839659346,0
2023-03-15 21:00:00,3.003051523029735,84.32576075468646,2.664714468507661,0
2023-03-15 22:00:00,2.5855507877797748,70.0353168526335,2.6067043207026623,0
2023-03-15 23:00:00,3.8851777400192167,65.3815489616422,3.6010677828714757,0
2023-03-16 00:00:00,1.8860769267420712,75.81111495796762,3.0896677597417024,0
2023-03-16 01:00:00,1.620484119400179,73.63150882743226,3.280127106077235,0
2023-03-16 02:00:00,2.1727179710573123,54.62015027313589,6.080892754061424,0
2023-03-16 03:00:00,3.3710376535864337,75.45216174243296,4.142639123938095,0
2023-03-16 04:00:00,2.274895435232719,69.48688465388429,2.8304154152199335,0
2023-03-16 05:00:00,2.227567626372724,57.27800832314594,4.117353911486905,0
2023-03-16 06:00:00,1.793168940717988,55.744054568047005,3.917114547154984,0
2023-03-16 07:00:00,1.4495055191174446,80.95718374666497,5.071395199736673,0
2023-03-16 08:00:00,2.1355120898852054,49.08844065646157,2.5287162024548713,0
2023-03-16 09:00:00,3.574881740161544,70.68658531698794,3.1840577159520578,0
2023-03-16 10:00:00,2.6043408269416823,65.41484164397336,6.121738665545999,0
2023-03-16 11:00:00,2.9279740031666357,67.99794102880715,5.873662896255068,0
2023-03-16 12:00:00,3.07021810643528,71.7006254468169,4.432852510835677,0
2023-03-16 13:00:00,3.3404218279463356,65.69728646860928,5.658515426933357,0
2023-03-16 14:00:00,1.5424006576754186,60.80866615152121,3.261282459139942,0
2023-03-16 15:00:00,2.954659812602261,66.54357621016688,4.753097479979074,0
2023-03-16 16:00:00,3.2988632864438516,59.29623204579512,5.369501024861754,0
2023-03-16 17:00:00,3.2277877944513005,60.32574684944843,4.8003435723431185,0
2023-03-16 18:00:00,1.9221967699484461,68.10070478910039,4.656948525629688,0
2023-03-16 19:00:00,2.6706036385695597,64.19746903596256,4.899824913682556,0
2023-03-16 20:00:00,1.1475865762350324,68.31319973637915,3.6670435487882957,0
2023-03-16 21:00:00,2.691037778515567,57.76083872390162,3.0905220615588145,0
2023-03-16 22:00:00,1.8008616981301477,49.16119552378593,3.5797091134225427,0
2023-03-16 23:00:00,2.814201160015187,53.63838440552601,2.3917482821968896,0
2023-03-17 00:00:00,2.5712802091090197,62.50722875020547,4.060451210810901,0
2023-03-17 01:00:00,3.1723468006784827,115.8248344594329,10.892041850599052,1
2023-03-17 02:00:00,2.7435028525886604,77.55631169711754,3.381101325959424,0
2023-03-17 03:00:00,1.597687829420051,59.30579205563661,4.428968023391819,0
2023-03-17 04:00:00,2.060584515538933,75.31897106307203,3.1114007073365917,0
2023-03-17 05:00:00,2.799455844769606,57.11506279953286,4.8071627735741504,0
2023-03-17 06:00:00,2.6823614213831304,64.03458103301833,5.002936823596542,0
2023-03-17 07:00:00,1.0409792607110626,61.141203557064195,8.80320092346112,0
2023-03-17 08:00:00,2.6283807750381674,60.171761111522734,3.361482849809664,0
2023-03-17 09:00:00,2.2389062711790197,76.60485256268157,3.787904001308507,1
2023-03-17 10:00:00,2.4597938335015415,57.53188297348797,2.3135599821050277,0
2023-03-17 11:00:00,3.8942578449372425,67.13347494829739,4.090183537052852,0
2023-03-17 12:00:00,2.228877289819597,57.09939037876624,2.8626990658793146,0
2023-03-17 13:00:00,1.8650317910485894,74.01058871449047,2.2237204854424975,0
2023-03-17 14:00:00,1.4877992741822206,61.69348729850444,4.422218895832986,0
2023-03-17 15:00:00,3.58334250302744,63.632333768286045,2.1906804921972123,0
2023-03-17 16:00:00,1.6036808505921438,70.59894840733179,5.301380805131148,0
2023-03-17 17:00:00,1.9476168226253503,67.3166992346442,3.3245826920424646,0
2023-03-17 18:00:00,3.442738492704901,63.16865279599837,6.568863277156019,0
2023-03-17 19:00:00,3.427215101661374,84.04974766023811,4.374524415558616,0
2023-03-17 20:00:00,4.127011528615259,85.7476834783341,2.1022691314580175,0
2023-03-17 21:00:00,0.8479336563962703,63.815449317512225,5.0583169691231245,0
2023-03-17 22:00:00,1.5778549166556153,59.26692187405244,4.097538999329094,0
2023-03-17 23:00:00,1.690237316509398,68.3893665194772,1.4185147903249993,0
2023-03-18 00:00:00,1.8974100585549474,63.29726072513253,4.3535541301832605,1
2023-03-18 01:00:00,1.8620708623050346,68.801935837515,5.4608133716667995,0
2023-03-18 02:00:00,3.3121382214393504,64.90974785652104,4.233226244398531,0
2023-03-18 03:00:00,1.7075260786175575,61.35181450063912,4.449587474591344,0
2023-03-18 04:00:00,4.148721670386833,83.2271313696215,5.023490570051824,0
2023-03-18 05:00:00,2.590415974986403,66.31093612622118,3.8840685385775267,0
2023-03-18 06:00:00,2.5486896968707877,60.015740805338964,3.4738320636268667,0
2023-03-18 07:00:00,1.2572163987665956,70.0926372176633,5.7906292808604345,0
2023-03-18 08:00:00,3.7856719155020553,76.65171165706994,4.353720146572049,0
2023-03-18 09:00:00,2.51207104711381,64.84152897885463,3.2945624827908584,0
2023-03-18 10:00:00,2.3472174592700368,61.99396695545312,3.8713700212149154,0
2023-03-18 11:00:00,2.207158911678693,71.98286656948085,2.8254760336643434,0
2023-03-18 12:00:00,2.047999138292515,73.07752912720548,5.163236746066377,1
2023-03-18 13:00:00,3.0681954761099934,64.79241048044675,6.281801787588703,0
2023-03-18 14:00:00,3.0593016886400877,66.86615882376837,5.221507023530664,0
2023-03-18 15:00:00,4.458050532649118,70.0252471138457,4.025592965386027,0
2023-03-18 16:00:00,2.61858439577277,68.63874078544777,4.284701577980384,0
2023-03-18 17:00:00,3.277223203346699,74.15875058766542,2.6561551856255834,0
2023-03-18 18:00:00,2.3951616213946543,59.058585862627226,5.472475857204225,0
2023-03-18 19:00:00,2.036872827147799,54.307371038055116,5.770428435691745,0
2023-03-18 20:00:00,1.0495100501487882,51.573341395345,3.5287984290203993,0
2023-03-18 21:00:00,2.5777381144806135,66.54305453961759,2.352626077905671,0
2023-03-18 22:00:00,1.3312435646723402,63.37216286066584,3.2817939221880854,0
2023-03-18 23:00:00,2.2736851274448906,79.96614343017426,2.5057316516513266,0
2023-03-19 00:00:00,2.9649545484658604,73.41126605114651,6.603299250826662,0
2023-03-19 01:00:00,3.61584660542578,54.95890981455445,6.375734923242232,0
2023-03-19 02:00:00,0.935627372583542,72.50724973951573,4.182353948114995,0
2023-03-19 03:00:00,2.6216173778850127,69.76311600636093,5.201536462429198,0
2023-03-19 04:00:00,2.238505341043714,67.02568299641433,0.6864063629945676,0
2023-03-19 05:00:00,1.7132685981652083,69.44587951151318,5.608469229460624,0
2023-03-19 06:00:00,3.479037506389192,60.01963317524486,2.6342531092213664,0
2023-03-19 07:00:00,2.1846377921851596,56.630517811923006,2.4315245983020404,0
2023-03-19 08:00:00,2.7122036462036827,66.56460002869116,4.634152540273742,0
2023-03-19 09:00:00,1.747588071436185,75.98708438360174,2.4618794343381674,0
2023-03-19 10:00:00,2.7255402326429747,73.74120192695602,4.479943223800795,0
2023-03-19 11:00:00,3.4512792027676227,53.5795321759942,7.62488912299618,0
2023-03-19 12:00:00,1.7846025229178206,80.60991391341881,2.0871640436356436,0
2023-03-19 13:00:00,2.1636596796487666,62.445362742980834,4.501681508208223,0
2023-03-19 14:00:00,2.448616175168372,66.3379179972909,5.573848234960541,0
2023-03-19 15:00:00,2.2476852441936823,65.45324976140179,3.540513770239116,0
2023-03-19 16:00:00,2.399488450797509,77.2196174113344,1.8343446974394704,0
2023-03-19 17:00:00,2.723068160350744,66.81089673695307,5.253044676749032,0
2023-03-19 18:00:00,2.3090123857648086,50.666316859580306,3.1619229597600658,1
2023-03-19 19:00:00,3.1193189158687433,60.74495896651354,4.854854698518983,0
2023-03-19 20:00:00,3.049902865639564,74.73250688924043,5.437470401975545,0
2023-03-19 21:00:00,3.2003943189871236,68.59745149963608,6.3972457473594195,0
2023-03-19 22:00:00,2.6358571460039895,68.86462606011038,4.189664092040195,0
2023-03-19 23:00:00,3.1593171338243553,47.7656861714005,1.511394267690369,0
2023-03-20 00:00:00,2.8303517978093655,52.2058113402111,5.2624545941077185,0
2023-03-20 01:00:00,1.755986621973096,68.09466033222502,4.3434373548111775,0
2023-03-20 02:00:00,2.926380926584212,65.92213531978987,4.096245832667649,0
2023-03-20 03:00:00,2.035687762783556,59.04134173628032,5.1049388572085395,0
2023-03-20 04:00:00,4.626006434445773,74.40983049174247,4.450468858665855,0
2023-03-20 05:00:00,2.5743839068320833,57.48348800771951,3.9825781131502644,0
2023-03-20 06:00:00,2.2900795884475076,62.944190816636805,3.861685040180318,0
2023-03-20 07:00:00,3.170600703979106,59.25865192629641,2.1194366437244314,0
2023-03-20 08:00:00,2.5000909984463746,55.097916987772024,1.6369149903675448,0
2023-03-20 09:00:00,3.528098040152612,69.99154035079836,4.243040948783646,0
2023-03-20 10:00:00,2.899948076983411,60.55182890734131,3.99823774725522,0
2023-03-20 11:00:00,2.9030748841886567,63.87945952915571,4.36398569362019,0
2023-03-20 12:00:00,1.8706469337290907,49.1036604822358,3.360667476033461,0
2023-03-20 13:00:00,2.956041587367555,64.6628792489881,2.7567037896212607,0
2023-03-20 14:00:00,3.486154027358214,76.22554164369257,5.043762165809268,0
2023-03-20 15:00:00,0.8181097713678198,81.6584451375416,3.7012136508697604,0
2023-03-20 16:00:00,2.240693128863124,70.14652796418076,5.101049120384264,0
2023-03-20 17:00:00,1.8614203125859226,63.46348293120919,2.7579227052804973,0
2023-03-20 18:00:00,3.4768177536249176,51.19636826050966,6.150587586749615,0
2023-03-20 19:00:00,2.3366974584872424,63.51290268515346,2.056067390861739,0
2023-03-20 20:00:00,0.8347277033295273,67.83683585012713,0.5737364155179376,0
2023-03-20 21:00:00,2.90210082950891,59.28559969696557,5.925098966650289,0
2023-03-20 22:00:00,2.0367469247976344,68.99490351456923,3.970638799079571,0
2023-03-20 23:00:00,1.82975265299792,78.01486902623647,5.3942006005117324,0
2023-03-21 00:00:00,2.9700983716682168,65.67857099050947,4.484836108835919,0
2023-03-21 01:00:00,3.3912663260824742,70.15672449279631,2.927012723024166,0
2023-03-21 02:00:00,1.8624510832524366,64.64990485708533,6.27560018499689,0
2023-03-21 03:00:00,1.812702688666982,68.90804185782494,1.5714630847411577,0
2023-03-21 04:00:00,3.023661743108626,61.585108044675906,2.6607147564228013,0
2023-03-21 05:00:00,4.023196241674866,38.43744438430985,1.278390763866137,0
2023-03-21 06:00:00,1.6920870834897226,76.71135409061577,3.488773144679227,0
2023-03-21 07:00:00,1.9142054837657323,54.21601842204022,3.5079319568173712,1
2023-03-21 08:00:00,1.3311432701507266,56.745024165975195,4.689789624531747,0
2023-03-21 09:00:00,1.7281724985401765,60.75310422526673,3.977347132377772,0
2023-03-21 10:00:00,1.1132588112138577,71.96489103694739,5.995304376343891,0
2023-03-21 11:00:00,2.636567061592868,65.0182133423596,3.700005361417619,0
2023-03-21 12:00:00,2.564244531845371,52.18555666884491,3.8725011782600998,0
2023-03-21 13:00:00,2.491940465173035,70.64222053572547,3.9165323075823633,0
2023-03-21 14:00:00,1.8097007882990366,62.38605343534821,4.92512961527221,1
2023-03-21 15:00:00,4.240844962272728,63.98222296451414,1.7926571029920915,0
2023-03-21 16:00:00,2.3985145704177535,71.2384229324659,3.1592326608342924,0
2023-03-21 17:00:00,2.285953420542476,56.36220262797045,2.8957146998541803,0
2023-03-21 18:00:00,4.054008529022025,56.414849879935105,5.466318984870318,0
2023-03-21 19:00:00,3.967488700359808,56.76274468375513,7.573256222867666,0
2023-03-21 20:00:00,1.7633676864263435,67.64580250213609,5.096361793117402,0
2023-03-21 21:00:00,3.737935303688518,66.82188618500598,2.746955264969297,0
2023-03-21 22:00:00,1.348524626838101,67.02106875209206,4.164192436047,0
2023-03-21 23:00:00,2.1563627585155696,76.64449756549668,4.7750648441458985,1
2023-03-22 00:00:00,1.8544997889329795,65.75610152111707,7.1294411980586325,0
2023-03-22 01:00:00,2.4932491674810984,66.54759669791366,4.575672175555299,0
2023-03-22 02:00:00,3.2505726020813874,69.41604968463979,3.040120287668194,0
2023-03-22 03:00:00,1.9600249340892821,71.7806994749196,3.286948014934352,0
2023-03-22 04:00:00,2.9644048608536484,62.33169422377058,0.8311888915790351,0
2023-03-22 05:00:00,2.373995098237729,70.4905001718002,2.1760099584111474,1
2023-03-22 06:00:00,1.7014836837282261,80.46422581237734,5.267255337486491,0
2023-03-22 07:00:00,3.4894316758537687,50.233198588022816,5.173433963186081,0
2023-03-22 08:00:00,3.098875682521295,68.38077426770298,3.627538494233568,1
2023-03-22 09:00:00,1.589867317509849,79.40538839183773,4.481701778078358,0
2023-03-22 10:00:00,2.6192214264076616,66.22665295846195,4.038472996501579,0
2023-03-22 11:00:00,1.494281113238314,53.70596983770545,3.329541245249756,0
2023-03-22 12:00:00,2.101388569355285,57.914837018546784,2.325647156727867,0
2023-03-22 13:00:00,3.0596143548157224,51.184437076853825,2.49718275269756,0
2023-03-22 14:00:00,2.3880834119297547,72.52193323077599,4.388936581257299,0
2023-03-22 15:00:00,2.5734575376261293,73.88802157066135,4.690826596264792,1
2023-03-22 16:00:00,2.4285924149388363,75.81365968915212,6.43656036385077,0
2023-03-22 17:00:00,2.0496867172681057,81.5038809529422,2.058092093503612,0
2023-03-22 18:00:00,1.8050334870563542,67.0468202334372,5.058772326902825,0
2023-03-22 19:00:00,2.5308762760033203,64.27213706144292,2.7123116963995253,0
2023-03-22 20:00:00,3.095957252279569,56.69117998798207,4.635595177632745,0
2023-03-22 21:00:00,3.673709940251904,62.04685935327224,3.36047106547531,0
2023-03-22 22:00:00,3.685261956230846,50.220304525168494,6.648296837087367,0
2023-03-22 23:00:00,3.379804671073041,55.45653832983933,5.470591664062805,0
2023-03-23 00:00:00,1.7746190401702746,50.191092396870516,4.5258714927042005,0
2023-03-23 01:00:00,1.5891148169289664,71.18946560382992,6.4660838444453015,0
2023-03-23 02:00:00,4.454590135467914,63.84254516799115,5.358260239142333,0
2023-03-23 03:00:00,2.8270334172550475,68.8824830097213,3.112774899485765,0
2023-03-23 04:00:00,2.553970190188447,48.509621079925175,6.1303133944169925,0
2023-03-23 05:00:00,2.520847707511023,55.59271540892898,5.338216509026116,1
2023-03-23 06:00:00,4.215301611889523,70.75839430415044,1.6864280128560702,0
2023-03-23 07:00:00,3.1751538949940117,63.73969072795945,4.22949024447266,0
2023-03-23 08:00:00,2.2575249705546363,76.8583803407393,2.0624055544402755,0
2023-03-23 09:00:00,3.2184533768055283,63.76757367824849,4.095690849780663,0
2023-03-23 10:00:00,1.871642831285083,72.63147027769854,8.161345638932183,0
2023-03-23 11:00:00,1.413158426731892,83.06898359718338,6.47923387620423,0
2023-03-23 12:00:00,3.4511783026112184,61.07987720046771,6.975525401716476,0
2023-03-23 13:00:00,2.1882828144040274,65.97256596527659,5.432377801660841,1
2023-03-23 14:00:00,2.106722637131935,56.01590313851503,2.5186543121873584,0
2023-03-23 15:00:00,2.2736933556983243,71.12761642601492,4.678253469930695,0
2023-03-23 16:00:00,2.2153043005320483,48.30618364538073,1.4325548231237528,0
2023-03-23 17:00:00,2.40685269680879,59.51401228543682,4.370465236384268,0
2023-03-23 18:00:00,3.7510094064236275,76.58714506586223,7.020161681585778,0
2023-03-23 19:00:00,2.6026344004380757,58.33545769350001,2.5219028052775783,0
2023-03-23 20:00:00,1.1778152630446554,67.92163994751394,1.2806449327372542,0
2023-03-23 21:00:00,3.206084022506129,67.00485811968454,2.8644314906677515,0
2023-03-23 22:00:00,2.654766539866956,72.76765455799499,3.1138195541686886,0
2023-03-23 23:00:00,2.5724182628716084,60.59292788961317,2.3849881982024916,0
2023-03-24 00:00:00,2.9081553446871817,64.60682138754309,2.3258139971026073,0
2023-03-24 01:00:00,3.200285012509004,55.42761517841544,4.163967021067389,0
2023-03-24 02:00:00,1.9575838477703749,56.04122619149584,3.68695577583713,0
2023-03-24 03:00:00,3.1527830751762504,62.27519298723445,3.6055518757511034,0
2023-03-24 04:00:00,3.137003507412838,47.50638190367371,5.094472098564161,0
2023-03-24 05:00:00,2.244362552181782,67.04151659187315,3.7883889708990757,0
2023-03-24 06:00:00,1.8296262082188441,65.98399723253428,2.4991813440458337,0
2023-03-24 07:00:00,2.2255211511911313,53.140094757926086,6.826664627102014,0
2023-03-24 08:00:00,2.939100662694413,59.55064612654894,3.381759823317557,0
2023-03-24 09:00:00,3.2940791980160644,49.51723351746965,4.780988267371274,0
2023-03-24 10:00:00,4.119280881806018,57.707630659284405,5.600640337069942,0
2023-03-24 11:00:00,1.9733638674442777,63.56734308339123,6.152863121928121,0
2023-03-24 12:00:00,2.8478427751452533,63.94304351284125,4.306476667590018,0
2023-03-24 13:00:00,3.1551780071893334,69.11412325587179,3.25145786871557,0
2023-03-24 14:00:00,3.8690243099799213,57.67704517321337,3.0639310338178385,0
2023-03-24 15:00:00,4.171797932455249,60.56969015057733,3.838529109597088,0
2023-03-24 16:00:00,2.9466158734952206,71.84757164506307,3.6958249036776643,0
2023-03-24 17:00:00,1.7902659106230536,73.44477964109959,3.9119321688061204,0
2023-03-24 18:00:00,2.049944401429392,65.93869814617626,3.2805976085081614,0
2023-03-24 19:00:00,3.059106021346806,55.23519012645957,6.676005906180967,0
2023-03-24 20:00:00,3.0238644360961664,51.755823860253884,3.8694145292505557,0
2023-03-24 21:00:00,4.240251327282037,62.2743665360538,3.3649920156691486,0
2023-03-24 22:00:00,3.8306467713904375,44.1632622825203,3.882416832861818,0
2023-03-24 23:00:00,2.1305858284653088,59.43505626548497,3.684417364805929,0
2023-03-25 00:00:00,2.6019089310152514,67.69397287649942,5.104248268308956,0
2023-03-25 01:00:00,1.748813732686134,85.63555801609503,3.008729022230268,0
2023-03-25 02:00:00,1.9370101863527722,74.11786732086469,6.310197851169978,0
2023-03-25 03:00:00,3.0049930886291825,71.98391454208111,3.196555181974513,0
2023-03-25 04:00:00,2.3399453333229374,76.45123596021953,-0.015545483431639973,0
2023-03-25 05:00:00,2.833038623886374,63.40889469201863,3.3212096108101368,0
2023-03-25 06:00:00,2.0267922565991365,72.90608721889195,3.2977475571015553,0
2023-03-25 07:00:00,3.1393106483870685,56.374781194054336,2.8108153726355383,0
2023-03-25 08:00:00,1.7394602560592416,56.57661470998183,2.0658536038715534,0
2023-03-25 09:00:00,2.7898161808007966,47.882054447320726,2.9142141810977016,0
2023-03-25 10:00:00,2.1781076398967776,65.2932307710733,2.773545235048175,0
2023-03-25 11:00:00,2.588791647712512,76.64890677544972,5.565481384241818,0
2023-03-25 12:00:00,3.392526751924794,71.09296171799276,3.3686695950277397,0
2023-03-25 13:00:00,3.0762447791779213,61.33652850828865,4.6898013501767215,0
2023-03-25 14:00:00,3.6436283296324623,52.34916460779791,1.641301175207127,0
2023-03-25 15:00:00,2.136382983789398,67.02072859249712,3.472018442652762,0
2023-03-25 16:00:00,1.8303026548586583,46.86206714893992,4.554109321080364,0
2023-03-25 17:00:00,0.4059445444786669,75.24643722459477,6.76405329699617,0
2023-03-25 18:00:00,2.5609048640943115,72.72472779415116,3.3303979820294183,0
2023-03-25 19:00:00,1.6353980688821785,54.12083157467956,4.729717307410344,0
2023-03-25 20:00:00,1.8759257038920003,64.7606169752837,4.509686613011729,0
2023-03-25 21:00:00,4.271276419734809,58.62622901696121,5.802536510085697,0
2023-03-25 22:00:00,2.0857921315706935,55.34435328462313,5.8850090195982805,0
2023-03-25 23:00:00,4.242776781921165,60.70484690691539,3.0452439061324994,1
2023-03-26 00:00:00,3.1664783271780537,71.83328433890537,5.405618380430509,0
2023-03-26 01:00:00,3.2854038568862425,61.014200792174066,5.437995459291715,0
2023-03-26 02:00:00,1.697852199298619,57.308894165152864,5.605992795549652,1
2023-03-26 03:00:00,1.7165306911977407,78.29172929943803,1.8937362264362059,0
2023-03-26 04:00:00,2.9919661651551284,76.83466553876649,5.856536460239668,0
2023-03-26 05:00:00,2.1442620144648035,62.83167593190055,2.2136778786215117,0
2023-03-26 06:00:00,3.0973570203099765,72.67199168231095,2.164356692742944,0
2023-03-26 07:00:00,2.9076519575073476,75.62675772419333,2.0780848920914674,0
2023-03-26 08:00:00,4.872001260600616,72.17236770744847,5.259991961108417,0
2023-03-26 09:00:00,2.9902359070060696,51.242632518870344,4.239980982434505,0
2023-03-26 10:00:00,3.4802085915454755,63.88190253768155,4.257020772990456,0
2023-03-26 11:00:00,3.516302187087182,62.56942287075813,4.035495341741202,0
2023-03-26 12:00:00,2.0692693804804296,52.21923084821731,6.636394134109622,0
2023-03-26 13:00:00,3.260459681613519,78.24963326739397,2.734693786145788,0
2023-03-26 14:00:00,2.6445689294055295,72.04229156294683,3.9360345160920227,0
2023-03-26 15:00:00,2.6025892121929686,66.38304838503944,6.258981325497315,0
2023-03-26 16:00:00,2.7574838027579176,55.326003974204426,5.148824253963091,0
2023-03-26 17:00:00,2.405529238002377,50.06504276716886,1.1821742620311717,0
2023-03-26 18:00:00,4.420847565756958,68.424666114031,5.19099292000012,0
2023-03-26 19:00:00,3.577194795127074,41.646008980617864,3.983423810176743,0
2023-03-26 20:00:00,3.1873906824310385,59.24868098968367,3.967531170589617,0
2023-03-26 21:00:00,2.592876698408062,68.19274775757567,3.640063886481554,0
2023-03-26 22:00:00,3.2389011315815384,58.56155099795505,3.2799308617004383,0
2023-03-26 23:00:00,2.4374193566100164,81.7165263042058,5.032287790209409,0
2023-03-27 00:00:00,2.058634436151186,68.59412329097562,2.585633945324073,0
2023-03-27 01:00:00,1.7201153303158718,60.96192004864355,4.6186476618592565,0
2023-03-27 02:00:00,2.1687371122536265,66.27721651084508,3.579992720464217,0
2023-03-27 03:00:00,0.8529807451013518,75.59909025986688,3.2032411892348156,0
2023-03-27 04:00:00,2.2051079573585444,66.71640796580861,1.7871343351765527,0
2023-03-27 05:00:00,2.4422371958309532,63.96754246315005,4.312446283145248,0
2023-03-27 06:00:00,0.3042904846421992,62.70596262191194,6.298641681918448,0
2023-03-27 07:00:00,3.4323437678277107,58.47559960463402,0.9231438473871085,0
2023-03-27 08:00:00,2.1120923772645455,63.945773940248905,2.6075030773993912,0
2023-03-27 09:00:00,2.489921752302739,65.41597796018836,5.074390970614704,0
2023-03-27 10:00:00,3.0318840003589917,65.35812741356557,4.724168196607408,0
2023-03-27 11:00:00,2.0921370884313313,74.62968255219302,5.683795205557377,0
2023-03-27 12:00:00,1.869194485223296,77.32665818762467,4.544283152508484,0
2023-03-27 13:00:00,1.6997728942842003,59.77789884226439,5.366162664383739,0
2023-03-27 14:00:00,3.5279882525654918,75.93866832942999,3.4038167837983093,0
2023-03-27 15:00:00,2.513061718922989,65.17340284391442,5.670628056472651,0
2023-03-27 16:00:00,2.3746578722001463,54.33168535748372,4.939004856219131,0
2023-03-27 17:00:00,3.8492422755650324,64.03150129634771,7.613050800930897,0
2023-03-27 18:00:00,3.8356609921310305,58.42511948604642,-0.13005077836267986,0
2023-03-27 19:00:00,1.0555127245881921,79.15195587383107,2.3047469351210994,0
2023-03-27 20:00:00,3.120911569575267,65.07435271304254,6.231637086009952,0
2023-03-27 21:00:00,3.756458099312238,38.34415970021148,4.682298331699391,0
2023-03-27 22:00:00,1.2969742219998903,64.98713806355383,3.5328954521786806,0
2023-03-27 23:00:00,3.302760281625166,53.69373444481953,3.091597914341107,0
2023-03-28 00:00:00,2.324670625057561,68.45903260206643,4.684832277985764,0
2023-03-28 01:00:00,4.399657377145763,49.22278135248169,5.624418310768806,0
2023-03-28 02:00:00,2.9076579221893253,73.99947807714717,3.7189706185483007,0
2023-03-28 03:00:00,3.32440816196749,75.17281484078765,3.970387587397099,0
2023-03-28 04:00:00,0.9540566663720431,62.387817711654826,3.3282019555928883,0
2023-03-28 05:00:00,3.0742946354933034,60.10581944002738,3.19275341297582,0
2023-03-28 06:00:00,1.9944208727825639,68.11469071071359,3.6902517822733003,0
2023-03-28 07:00:00,2.868385301808449,52.222405794749555,7.549549125015389,0
2023-03-28 08:00:00,3.804672686122225,54.00425298371336,3.7492120735375676,0
2023-03-28 09:00:00,2.748341619016934,69.44050737781782,6.2021770309658315,0
2023-03-28 10:00:00,1.8408012136387355,70.62080049678534,6.611030598865083,0
2023-03-28 11:00:00,1.1818366283458126,80.92174232496454,4.984596376846291,0
2023-03-28 12:00:00,3.9166376275927215,64.3770563829557,4.844644065121216,0
2023-03-28 13:00:00,4.0454611348491945,49.24110752611354,4.272005589847866,0
2023-03-28 14:00:00,2.711137601041062,89.79677445497677,5.602789763069762,0
2023-03-28 15:00:00,3.9763969558447156,52.828748008858895,2.5633412724798568,0
2023-03-28 16:00:00,0.9420359554493147,61.499858058104344,4.72868916681289,0
2023-03-28 17:00:00,2.027123450891985,65.22952602458278,4.502037807797212,1
2023-03-28 18:00:00,2.032825069675299,58.405034954504465,2.8868571236986975,0
2023-03-28 19:00:00,2.551479246900037,61.56756916206895,3.854275021080568,0
2023-03-28 20:00:00,2.4418810932062627,52.56344115384408,3.071692276056374,0
2023-03-28 21:00:00,2.9582607300646195,67.82437505053,8.911446475607313,1
2023-03-28 22:00:00,2.272575623828896,58.273846729342445,6.323165732698376,0
2023-03-28 23:00:00,2.8415241377896314,71.680131286765,2.295271068771377,0
2023-03-29 00:00:00,3.111160448146427,66.34217739639328,2.6667177127746826,1
2023-03-29 01:00:00,3.72949022360625,34.27585011300246,4.365551842498727,0
2023-03-29 02:00:00,1.0076700624563082,59.82875976438926,4.6962076574157114,0
2023-03-29 03:00:00,2.520354025484827,71.4216606848368,4.28791472593185,1
2023-03-29 04:00:00,3.0476412258349566,64.72137609897804,3.9509622911812414,0
2023-03-29 05:00:00,2.2545649579011795,64.02928570005493,5.4660559174607535,0
2023-03-29 06:00:00,3.4185728505983883,51.05896861229256,5.494763722230061,0
2023-03-29 07:00:00,4.734490069256372,115.23109181336335,5.0691514097635935,1
2023-03-29 08:00:00,2.0083407757085503,53.68025520106042,4.189309325652789,0
2023-03-29 09:00:00,3.4345362694465686,53.84250471480337,2.1242173270525226,0
2023-03-29 10:00:00,2.8148114796428336,52.991036435424675,3.589505728274316,0
2023-03-29 11:00:00,1.5745038613487323,60.15605519148495,6.982475656216259,0
2023-03-29 12:00:00,2.21434154189184,71.57451259591727,3.989284663216709,0
2023-03-29 13:00:00,2.5793743968529133,51.910487496508935,5.93770664655073,0
2023-03-29 14:00:00,1.642584109629036,73.35955706647873,3.5252277780938446,0
2023-03-29 15:00:00,3.7793634202305535,65.96801055362263,5.86101148374196,0
2023-03-29 16:00:00,1.1567827173403389,75.60380422248497,1.809985974768133,0
2023-03-29 17:00:00,3.080411218086136,57.14811655062219,3.3146634888661115,0
2023-03-29 18:00:00,3.0109529159835087,69.43839270812987,4.159121609748256,0
2023-03-29 19:00:00,3.6413460759978826,89.70004719165772,3.4113449086468,0
2023-03-29 20:00:00,4.057105042766274,72.2061514982514,4.181861984196652,0
2023-03-29 21:00:00,2.921995709222795,37.89537533008855,5.082174802527556,0
2023-03-29 22:00:00,0.8715089653665249,62.355336074259874,4.418736193639787,0
2023-03-29 23:00:00,3.4920461615931333,62.20664147536111,2.973935159842261,0
2023-03-30 00:00:00,3.1171076792845023,81.74869033264608,4.529325118604164,0
2023-03-30 01:00:00,3.189260978449465,80.38230193785549,5.257423134577973,0
2023-03-30 02:00:00,3.7983952788098554,69.12962487658933,6.022234381417649,0
2023-03-30 03:00:00,1.3576218673057034,53.96023085637221,5.138909385763725,0
2023-03-30 04:00:00,2.06917763505342,78.73960619898779,3.6533496582562868,0
2023-03-30 05:00:00,3.6116282389661487,73.24754139103307,3.5842041915473626,0
2023-03-30 06:00:00,3.478345996934501,68.34194617387155,5.550272893638465,0
2023-03-30 07:00:00,1.8824072907106773,64.11718954160209,5.257780988811493,0
2023-03-30 08:00:00,2.836571583171207,91.00955046302605,5.951831565247479,0
2023-03-30 09:00:00,3.7356165160192787,65.86608863305604,6.293669974639201,0
2023-03-30 10:00:00,2.477701029711235,68.31933935239923,2.085391533290598,0
2023-03-30 11:00:00,1.1718550795195346,70.98983546484783,0.3192239365821723,0
2023-03-30 12:00:00,0.7169415243084165,74.42335524317977,4.63738425464026,0
2023-03-30 13:00:00,4.408616605735761,94.27134043721144,4.269285915064423,1
2023-03-30 14:00:00,3.579055903793292,62.27164637986459,5.261487999140728,0
2023-03-30 15:00:00,2.6351492626662405,77.44701516307163,2.4012820155169647,1
2023-03-30 16:00:00,2.554979077958452,74.53674470204601,3.471641924462237,0
2023-03-30 17:00:00,3.777360838246131,54.52200340581645,4.310432248436609,0
2023-03-30 18:00:00,3.1064282351036008,68.89608137521512,4.399002623403923,0
2023-03-30 19:00:00,2.8246337045832597,57.95137003928643,0.9562044962937692,0
2023-03-30 20:00:00,2.2487898874873773,73.27365980697401,4.216438149140121,0
2023-03-30 21:00:00,3.050627110659325,60.78785102262319,4.807625636670926,0
2023-03-30 22:00:00,2.2910246158177516,62.59013601906174,1.9709744050173499,0
2023-03-30 23:00:00,0.911285573852948,86.02198723515556,4.90406356864307,0
2023-03-31 00:00:00,3.064112018363436,73.11800932748145,2.419060369909037,0
2023-03-31 01:00:00,2.6982845448755923,56.40786812958851,3.62375017746346,0
2023-03-31 02:00:00,2.4387641650841934,79.62110184789003,2.4474562951832923,0
2023-03-31 03:00:00,1.6864641312067705,59.21487961725141,4.96644192363869,0
2023-03-31 04:00:00,3.4136771008936417,75.13093541724098,4.175183806807426,0
2023-03-31 05:00:00,1.4901844384856207,62.69817537247859,3.3775564217683685,0
2023-03-31 06:00:00,1.9246109465666446,80.06623137906914,4.879671367302145,0
2023-03-31 07:00:00,2.8432489284349867,57.31183513695913,5.485797524517712,0
2023-03-31 08:00:00,3.1919207313612126,60.326334539700674,3.167548100509613,0
2023-03-31 09:00:00,2.3644561030325795,74.16597701716061,5.852626891032608,0
2023-03-31 10:00:00,2.7052998765606775,58.83695120429269,3.4779417001065602,0
2023-03-31 11:00:00,3.4633132353504243,72.64556171651078,3.970761262282652,1
2023-03-31 12:00:00,3.466696112866395,61.51310326614694,4.9726617987052215,0
2023-03-31 13:00:00,3.9166761419347824,82.2081354303488,7.194923348949477,0
2023-03-31 14:00:00,1.1666632105086905,69.63435914367423,3.6807747728623355,0
2023-03-31 15:00:00,3.0255417764117674,64.41674707467175,4.022325607843455,0
2023-03-31 16:00:00,2.631433486854926,63.22784057479237,3.405656881339085,0
2023-03-31 17:00:00,3.9581187048418043,70.19394053744429,4.9214380438321745,0
2023-03-31 18:00:00,3.437378035685447,68.80744003807565,3.3760764197540425,0
2023-03-31 19:00:00,2.981599313766949,49.99868881711312,6.409622725990375,0
2023-03-31 20:00:00,1.389890301713185,75.94947979081994,4.663549285216291,0
2023-03-31 21:00:00,2.7630727349300375,59.24436839000051,1.694021481621434,0
2023-03-31 22:00:00,3.2968848608273635,74.19280339756514,6.1489416557467615,0
2023-03-31 23:00:00,1.608511867851278,66.54719922058125,2.8718162546189885,0
2023-04-01 00:00:00,2.9425341975693353,80.93398322652752,3.307895181380739,0
2023-04-01 01:00:00,2.5537568113905675,59.31196181381372,6.57203519106475,0
2023-04-01 02:00:00,3.813869743860357,55.30175537628902,6.837064060043001,0
2023-04-01 03:00:00,1.65779360601005,61.79864870836454,5.008381405669474,0
2023-04-01 04:00:00,2.391376496045448,67.9474837052934,5.895502019791508,0
2023-04-01 05:00:00,3.2011856715649083,69.20382977856512,4.0680249302341,0
2023-04-01 06:00:00,2.2861496173174674,76.18213557007672,4.066265844957724,0
2023-04-01 07:00:00,2.4996598062238036,61.89296809799557,6.5535929158784505,0
2023-04-01 08:00:00,2.3568339954620483,78.84527972344598,4.901147816302216,0
2023-04-01 09:00:00,2.276736926116657,56.12420652526984,4.536662274363899,1
2023-04-01 10:00:00,2.678299372986306,82.39479937930486,1.5201390023616055,0
2023-04-01 11:00:00,2.3023848965823013,59.36714364048591,2.2238606450324747,0
2023-04-01 12:00:00,0.8622649856000595,54.13131949659706,4.861703607553254,0
2023-04-01 13:00:00,2.0659938910862676,64.08571888602825,3.0494441505344847,0
2023-04-01 14:00:00,2.1267759392813597,83.4559433415526,3.804557300874295,0
2023-04-01 15:00:00,2.0485775875689822,64.94602942648449,5.270894685396249,0
2023-04-01 16:00:00,2.259644444479357,77.71886799213894,4.457046349460802,0
2023-04-01 17:00:00,1.1882543457962904,63.893418139489164,6.343336981106685,0
2023-04-01 18:00:00,3.9384692868353417,62.903183219550264,5.491752375999863,0
2023-04-01 19:00:00,2.940906434649496,85.56350911147952,3.4979497206651198,1
2023-04-01 20:00:00,3.4419874843931977,70.14386005583505,6.07856351686088,0
2023-04-01 21:00:00,0.9804840628079665,95.13188302541914,2.78545680662042,0
2023-04-01 22:00:00,4.309748461359101,49.1536639715313,7.339582916373809,0
2023-04-01 23:00:00,1.8717908054784158,73.31319045216149,3.962031863122625,0
2023-04-02 00:00:00,2.256576543417167,58.823888926677725,3.167705622509048,1
2023-04-02 01:00:00,2.632763640092576,63.10177192532103,4.6991312318765965,0
2023-04-02 02:00:00,2.9396481479995393,66.27468773769007,4.076879605265646,0
2023-04-02 03:00:00,3.0490286721438964,58.53758856891696,4.145020564379087,0
2023-04-02 04:00:00,2.3497972938365814,74.07844115758229,6.118838115417111,0
2023-04-02 05:00:00,2.8272036916602317,70.79092130443044,4.119848007372222,0
2023-04-02 06:00:00,3.3018702988316737,70.47400308242548,6.185776186919727,0
2023-04-02 07:00:00,2.541370744602256,57.8234862902952,2.9376974841236265,0
2023-04-02 08:00:00,1.770484255343825,58.90389466707013,2.2181844204607857,0
2023-04-02 09:00:00,1.2591584615901752,80.46809640055827,5.681958233857302,1
2023-04-02 10:00:00,1.2304140388483655,41.070254969069026,3.1621708220720883,0
2023-04-02 11:00:00,3.6397343452794484,41.84097141657782,1.9824929434263536,0
2023-04-02 12:00:00,3.0337805200242904,64.44986297512901,3.9072718995938946,0
2023-04-02 13:00:00,3.0044887019805717,69.24236283878982,4.878106297869597,0
2023-04-02 14:00:00,2.848722720417153,67.77886334790232,4.613939977271519,0
2023-04-02 15:00:00,0.5402379717547667,66.57854574318206,5.4442622505372995,0
2023-04-02 16:00:00,2.542093425086575,71.8245148543596,4.563306487561665,0
2023-04-02 17:00:00,2.653270724542402,73.79416588137109,1.8541381148512084,0
2023-04-02 18:00:00,3.3603918894556024,71.96648025251721,3.5583137959855202,0
2023-04-02 19:00:00,2.772038905673158,65.05419389804726,2.1224034431481793,0
2023-04-02 20:00:00,2.1437696197425775,46.719297846080025,2.9734389590823245,0
2023-04-02 21:00:00,3.565572325509632,61.01748718411999,6.600302986796631,0
2023-04-02 22:00:00,1.3102136751947893,80.03337914997883,2.48945232625424,0
2023-04-02 23:00:00,2.3149379739860096,61.404945101891784,5.644635508865478,0
2023-04-03 00:00:00,1.5352155595712418,75.60041933964942,3.939336218025365,0
2023-04-03 01:00:00,4.404047771252483,55.19176526856482,3.445908118193108,0
2023-04-03 02:00:00,3.15399475240459,84.9425823095391,5.088470511071729,0
2023-04-03 03:00:00,1.8080444150859063,62.31744772134001,3.347698657359819,0
2023-04-03 04:00:00,2.929493769421349,61.45681440205603,6.983335876114218,0
2023-04-03 05:00:00,2.1330747724269594,52.209388661943656,4.463357836273729,1
2023-04-03 06:00:00,1.4356387707360927,64.28024953415544,3.757467756760304,0
2023-04-03 07:00:00,2.382207529667627,82.61841004692572,4.4038873183631235,0
2023-04-03 08:00:00,1.5690091531858914,50.485542628475216,4.631110911775936,0
2023-04-03 09:00:00,2.6003844211105744,72.43715668369657,6.105555880024202,0
2023-04-03 10:00:00,0.9041344361531478,62.61975599234476,3.889708979674166,0
2023-04-03 11:00:00,2.1138565828976805,62.56200066000469,6.933944388218534,0
2023-04-03 12:00:00,2.4564718010924707,62.12205008728382,6.349890702718981,0
2023-04-03 13:00:00,2.9491753813616874,52.60405129022966,7.839842096438089,0
2023-04-03 14:00:00,2.5085254402767503,57.610318127027526,2.163223470568012,0
2023-04-03 15:00:00,2.077299490909215,63.604961524454865,0.27479294838082824,0
2023-04-03 16:00:00,3.1204945457691826,90.69192123344709,3.1946518357563085,0
2023-04-03 17:00:00,3.162315459523319,66.5610373008174,2.969286487987599,0
2023-04-03 18:00:00,3.69953614908092,68.37261859921716,3.80243905424524,0
2023-04-03 19:00:00,2.0306038169878518,61.62030525385928,3.8056307725929455,0
2023-04-03 20:00:00,3.0983399508021243,69.375625828101,3.995215120703447,0
2023-04-03 21:00:00,2.266810980070418,76.24322229051488,5.693095626097777,0
2023-04-03 22:00:00,3.2708867797341834,71.21595339517877,3.754820946158663,0
2023-04-03 23:00:00,2.5847686654587556,78.7363071248784,2.626716844409632,0
2023-04-04 00:00:00,1.9528781310705343,65.51614293650921,1.6663366434652849,1
2023-04-04 01:00:00,3.236089867945293,65.20472453524934,3.4311081769643383,0
2023-04-04 02:00:00,3.05455859414703,59.72954765004959,3.9007946720070867,0
2023-04-04 03:00:00,1.8989743188399935,67.59642536310474,4.076559864069556,0
2023-04-04 04:00:00,3.0229035527351558,63.718386887087824,0.5501814225365762,1
2023-04-04 05:00:00,2.837077016403542,58.66284218249627,3.1465977463533052,0
2023-04-04 06:00:00,2.104270769342216,89.03155335917243,3.613519536104406,1
2023-04-04 07:00:00,1.917540884158273,87.42840987437654,4.965711893255796,0
2023-04-04 08:00:00,2.054301686407326,63.77991619518497,4.528507241822026,0
2023-04-04 09:00:00,0.9179388658797498,80.66114078081672,4.939046538893283,1
2023-04-04 10:00:00,2.3167427373364937,71.80212114266278,3.911242534918257,0
2023-04-04 11:00:00,2.8558858890054575,77.8906223879165,4.719860223390788,0
2023-04-04 12:00:00,1.4534493902455001,52.05831085422582,6.037856085781701,0
2023-04-04 13:00:00,2.273614305517682,58.0805172756586,4.3506611448539445,0
2023-04-04 14:00:00,4.121314100554105,72.83859251259736,2.585779733486216,0
2023-04-04 15:00:00,3.8713708332975214,60.46690238859643,3.767215195794681,0
2023-04-04 16:00:00,2.502532744470868,57.94288316875806,1.8062870876978345,0
2023-04-04 17:00:00,3.1837513223802594,84.5057270185597,2.570939306861294,0
2023-04-04 18:00:00,3.6451895920967856,69.54157013792107,4.072168960676243,0
2023-04-04 19:00:00,3.261939210512651,60.08677519200577,5.175744937244615,0
2023-04-04 20:00:00,3.280907279004845,70.95839551219532,3.229033759157894,1
2023-04-04 21:00:00,2.842716078709795,56.47603327476945,4.790919487338131,0
2023-04-04 22:00:00,1.1010200355476925,69.2294041626413,4.048068214568361,0
2023-04-04 23:00:00,2.036836865816011,67.33928531861004,1.7251945528189099,0
2023-04-05 00:00:00,2.4220117508907535,51.08755224877615,5.647226551522202,0
2023-04-05 01:00:00,2.5208215427402614,61.18760576966866,5.543089661203742,0
2023-04-05 02:00:00,2.7306738623008635,68.63491641031862,3.226660209414048,0
2023-04-05 03:00:00,1.814743054826844,59.503998249788374,3.210422350440001,0
2023-04-05 04:00:00,1.7887320743841202,68.34972879776421,2.235453705896768,0
2023-04-05 05:00:00,3.5056007636926454,52.47771505132501,0.8456481459206246,0
2023-04-05 06:00:00,4.066109686239115,65.98640389155811,3.391427076374703,0
2023-04-05 07:00:00,2.466910497030929,50.441101044020414,2.2985829123907306,0
2023-04-05 08:00:00,2.6541327154953045,83.77848914713728,2.4834477170799385,0
2023-04-05 09:00:00,1.3724462366752073,71.82434825344201,5.5455563429433425,0
2023-04-05 10:00:00,3.6538190133539823,67.71638825818889,6.8409583449826545,0
2023-04-05 11:00:00,2.239462183504272,74.70381628956314,5.8969552630113125,0
2023-04-05 12:00:00,3.2247761210672574,64.481639545428,1.3877730522147251,0
2023-04-05 13:00:00,3.6563173330979915,65.91729072051312,3.109080407690334,0
2023-04-05 14:00:00,3.6510069285243674,72.78346060592855,6.293298676348245,0
2023-04-05 15:00:00,3.0879257955506034,76.2159776002699,3.6594040467967273,0
2023-04-05 16:00:00,3.9041553610845527,63.957847591820105,3.467101634578314,0
2023-04-05 17:00:00,3.1708553219972875,51.52658804930199,8.039502708594197,0
2023-04-05 18:00:00,2.3294376961816656,69.28701175196987,3.6168755713071645,1
2023-04-05 19:00:00,3.1203125898534627,73.76010479667579,4.487887790800899,0
2023-04-05 20:00:00,2.455948435492071,69.43452255008093,4.331833921384957,0
2023-04-05 21:00:00,2.3277879503014947,75.68165743147806,5.791077473624089,0
2023-04-05 22:00:00,2.7364661717898318,57.51257732594324,3.282822600349701,0
2023-04-05 23:00:00,2.8512878349791797,69.61249033872203,5.893274149988782,1
2023-04-06 00:00:00,3.0640189548877323,64.11004176197893,4.689495276536546,0
2023-04-06 01:00:00,1.5786869350648611,53.5597153813901,1.9095911152083818,0
2023-04-06 02:00:00,3.15444142730497,68.83896807087412,3.154309687507472,0
2023-04-06 03:00:00,2.2130560565113244,55.57159215659672,5.014676282567641,0
2023-04-06 04:00:00,3.3021158021086943,55.75790353286581,1.9411963516512638,0
2023-04-06 05:00:00,2.1078016456175486,79.28234560318595,2.435026243510483,1
2023-04-06 06:00:00,3.5025904902707325,70.13703600712583,5.162260487331009,0
2023-04-06 07:00:00,2.378760576740484,66.89461414072446,4.627413468899362,0
2023-04-06 08:00:00,3.330091742862714,75.92596070211394,2.2978155839048697,0
2023-04-06 09:00:00,3.3446450803860377,59.961484716205504,2.5463409106934316,0
2023-04-06 10:00:00,3.5307273478773347,80.92309518269806,5.6147981448604,0
2023-04-06 11:00:00,1.7011558274508354,58.66445243708022,2.783211174233428,1
2023-04-06 12:00:00,0.26716105193353323,75.20996868168402,6.17345703675119,0
2023-04-06 13:00:00,2.5912954176025296,54.010598025279286,4.888767165781772,1
2023-04-06 14:00:00,2.973428640307146,74.03710296661885,3.6128901316193387,0
2023-04-06 15:00:00,2.615123054483129,64.51609010836137,2.2731169256551,1
2023-04-06 16:00:00,2.2165558060883286,65.2478576713456,6.214611383654587,0
2023-04-06 17:00:00,2.5270832959463103,59.54262788938019,5.832170834766666,0
2023-04-06 18:00:00,3.1117485074713245,65.43778172640296,3.171472940125283,0
2023-04-06 19:00:00,3.019760904899364,61.901811468118375,3.475926721968577,0
2023-04-06 20:00:00,3.5976213988321266,70.79078902800234,2.856631293335383,0
2023-04-06 21:00:00,2.437292127852309,66.45003014821559,2.5684610154123675,0
2023-04-06 22:00:00,2.8374994765858252,57.556720497355094,1.9631380271832914,0
2023-04-06 23:00:00,3.7073928967540057,59.834407078238854,6.455136315482903,0
2023-04-07 00:00:00,2.4605152342266585,61.30180939951849,4.623168001243783,0
2023-04-07 01:00:00,3.7350978886690056,73.64248881693443,2.7396330536923728,0
2023-04-07 02:00:00,3.3009474729192516,59.964745993931096,5.832533086585345,0
2023-04-07 03:00:00,3.136154486745043,67.44670513064207,5.284031264789849,0
2023-04-07 04:00:00,4.021647964022357,61.72538339241387,1.596456794883795,0
2023-04-07 05:00:00,1.556553139970342,59.66941520824435,4.334602555324286,1
2023-04-07 06:00:00,2.2204471217953072,61.99813255170389,2.6468263324858072,0
2023-04-07 07:00:00,2.1159080372841275,67.17295197193206,5.009439980813992,0
2023-04-07 08:00:00,2.818800488670762,56.603917735003236,3.677966326414381,0
2023-04-07 09:00:00,3.5615972385254464,69.23991723374792,3.3097799654143043,0
2023-04-07 10:00:00,2.108549792687117,80.37418806384169,2.2452886457418293,0
2023-04-07 11:00:00,1.2450080114557374,68.42940369093448,2.899359619398135,0
2023-04-07 12:00:00,2.305383602510645,75.47367599816648,2.5024925042199118,0
2023-04-07 13:00:00,2.3716653462485504,60.41947060307819,0.4506402815338686,0
2023-04-07 14:00:00,1.2852383493058104,64.93407420826726,7.535588180232417,0
2023-04-07 15:00:00,3.210610720769922,55.083571803341876,6.640770614420324,0
2023-04-07 16:00:00,2.9587326542381875,67.76491218373624,2.9729702560500635,0
2023-04-07 17:00:00,-0.134772421778524,68.39130064825996,3.0039621528475595,0
2023-04-07 18:00:00,0.9423392766289282,72.78318092394323,1.9217915359197666,0
2023-04-07 19:00:00,1.7033136090745293,72.99505632434042,5.528506901650235,0
2023-04-07 20:00:00,3.148253525655111,49.212858037626674,5.7894826455356805,0
2023-04-07 21:00:00,2.111286755077815,59.78106267402397,3.369016584936822,0
2023-04-07 22:00:00,3.361679066926641,63.319478246114194,5.845093905079481,0
2023-04-07 23:00:00,2.8148893928088894,66.96888659790964,3.3987275830610892,0
2023-04-08 00:00:00,2.147402279619488,52.051038288423676,4.473449920973078,0
2023-04-08 01:00:00,3.492971497534999,45.149406361303875,6.667298165407493,0
2023-04-08 02:00:00,2.2669883018772863,60.10661778964293,5.640645671982722,0
2023-04-08 03:00:00,1.8519605208657728,64.96908636503753,3.2022840925566696,0
2023-04-08 04:00:00,1.800511015085653,72.23087600755086,3.3185065387855133,0
2023-04-08 05:00:00,2.153125241913786,62.38423148272684,4.017171831431081,0
2023-04-08 06:00:00,1.9590304178289542,63.40439962313309,2.2011636002115447,0
2023-04-08 07:00:00,1.8803192323539242,83.83564919337336,3.871089656738172,0
2023-04-08 08:00:00,2.0088096519464846,66.12242776546572,3.4277458282232356,0
2023-04-08 09:00:00,2.3088412520972557,67.37052558505134,3.2207745384070137,0
2023-04-08 10:00:00,2.887270791275694,55.21605344493807,5.15676686123431,0
2023-04-08 11:00:00,1.9463127020961215,67.28728513535596,4.457484275203596,0
2023-04-08 12:00:00,3.7120037805321946,64.72410230574638,2.3356874672902395,0
2023-04-08 13:00:00,2.31181821473154,64.25268526935194,3.2890205115691598,0
2023-04-08 14:00:00,2.7679518433204344,64.19603164678827,5.375595851962556,0
2023-04-08 15:00:00,2.49597002618534,48.73551522336163,5.590165578538436,1
2023-04-08 16:00:00,2.2901927399166486,65.41363487098344,5.431244670066192,0
2023-04-08 17:00:00,2.566653141442724,82.5089571569668,2.1403039654849163,0
2023-04-08 18:00:00,3.1598221918419807,63.52271858096556,2.2460450241789376,0
2023-04-08 19:00:00,3.1381534349377134,57.111033210682024,4.7430676983612905,0
2023-04-08 20:00:00,4.155343679595866,50.73387833879079,3.923586647919797,0
2023-04-08 21:00:00,2.3477539645088648,70.24885600635531,4.746368639069525,0
2023-04-08 22:00:00,2.9898987191339517,49.06868387808203,5.421397233507037,0
2023-04-08 23:00:00,2.348984998890633,55.83030879397228,3.9497648443331492,0
2023-04-09 00:00:00,2.2191302411738816,76.44744837980879,4.757564521965754,0
2023-04-09 01:00:00,1.2622797446445626,68.12137785726517,3.555636240816182,0
2023-04-09 02:00:00,2.252635123553523,74.91487580457324,5.257720060782768,1
2023-04-09 03:00:00,2.579704654926244,54.62081139649293,4.5231233647094315,0
2023-04-09 04:00:00,2.167496060666466,60.481561883309546,5.275652219017639,0
2023-04-09 05:00:00,2.788339217991255,57.808702050860774,5.428927067149888,0
2023-04-09 06:00:00,3.1973119929335754,61.99898338895487,3.2893487811898425,0
2023-04-09 07:00:00,2.2188617899995218,70.21827240038382,2.4915963517955957,0
2023-04-09 08:00:00,1.7598108395761665,65.5721022760902,5.318063703168743,0
2023-04-09 09:00:00,3.0405611072085215,66.42382715637423,3.9861539275278637,0
2023-04-09 10:00:00,2.063902145274334,56.16297391676618,2.277898158204196,0
2023-04-09 11:00:00,2.9645214879124877,58.89879407324499,3.576349340290651,0
2023-04-09 12:00:00,2.3139731765239984,57.024435703720485,3.8504309279331768,0
2023-04-09 13:00:00,3.71197943397973,59.099597604631256,5.76990082563127,0
2023-04-09 14:00:00,2.960819103427278,68.58536521105816,1.4975596607855723,0
2023-04-09 15:00:00,2.6800196033153965,80.52699143100227,4.186273779797786,0
2023-04-09 16:00:00,1.6851978897490658,69.64017090614172,2.3725231148971186,1
2023-04-09 17:00:00,3.1470150038458042,65.79690979595405,3.8552427273257273,0
2023-04-09 18:00:00,3.4390688978101704,75.1826461659416,3.1649404865801127,0
2023-04-09 19:00:00,2.788714128546935,76.2526538703687,1.835415833458605,0
2023-04-09 20:00:00,3.895997272248419,50.27635207427697,4.225725932636831,0
2023-04-09 21:00:00,2.488671233059992,67.12107604336138,5.881116515392775,0
2023-04-09 22:00:00,2.0899519970774585,54.500797001899954,2.1597385605413706,0
2023-04-09 23:00:00,4.389275402460665,58.763046454132684,7.072589748336027,0
2023-04-10 00:00:00,2.8253544332305784,62.490639227249574,4.266606743682254,1
2023-04-10 01:00:00,3.544463671655734,62.27687100713774,5.945399313586255,0
2023-04-10 02:00:00,3.504612304757558,68.13791211928627,4.650578639318146,0
2023-04-10 03:00:00,2.315419171760028,57.57551796272958,3.4489730462651607,1
2023-04-10 04:00:00,3.276972770263918,49.193228191517,3.665137240706155,0
2023-04-10 05:00:00,2.2109250056954695,68.20838560505955,6.287658010812989,0
2023-04-10 06:00:00,2.3191809554323615,58.82794302456339,1.5482824472015606,0
2023-04-10 07:00:00,2.301596624265401,71.4704777526592,3.0623136383201115,0
2023-04-10 08:00:00,2.408063897513151,65.46017260078638,5.483520115020857,0
2023-04-10 09:00:00,2.0127786700656753,78.13047522564598,5.268491453835202,0
2023-04-10 10:00:00,2.3504985760275665,80.44140438256078,3.24217561269731,0
2023-04-10 11:00:00,2.927720685813263,68.73211809216883,1.8982330586990646,0
2023-04-10 12:00:00,3.8893615565787325,72.01523665250612,5.870278658675924,0
2023-04-10 13:00:00,2.8876151736204703,73.57799073318743,4.541151732347183,0
2023-04-10 14:00:00,2.9751087502583684,52.96841876081395,3.632993421550003,0
2023-04-10 15:00:00,2.7872852389907754,72.26320709529449,2.792959607249724,0
2023-04-10 16:00:00,1.6431725462017135,68.39164511280788,1.4995378234994985,0
2023-04-10 17:00:00,3.2543003535603168,66.60914559590651,4.525682645593712,0
2023-04-10 18:00:00,2.9391352380464606,65.36534911901069,3.2168935586103453,0
2023-04-10 19:00:00,2.487575904445986,97.14425026471967,5.12659525774252,0
2023-04-10 20:00:00,3.315259203036031,74.93262113411475,4.161946259161525,1
2023-04-10 21:00:00,1.5152399970186048,54.64780784896186,3.716629591822646,0
2023-04-10 22:00:00,2.731760795157765,57.36109899057631,4.605794144188165,0
2023-04-10 23:00:00,2.5254263880052656,77.06616930616418,6.136014746380235,0
2023-04-11 00:00:00,2.5832519005424213,54.73872216539108,4.156398228140122,0
2023-04-11 01:00:00,2.175018220232719,71.49894641020694,3.195719747261605,0
2023-04-11 02:00:00,1.3039923842216867,74.78656490506768,2.7855016673514554,0
2023-04-11 03:00:00,3.2769900738432995,64.08308941119616,2.408403961707257,0
2023-04-11 04:00:00,2.913154388835265,64.90240649672204,4.42580871781777,0
2023-04-11 05:00:00,3.2526160548411305,61.607335700652776,2.428774558965995,0
2023-04-11 06:00:00,2.012726764021945,65.48200302965456,2.0414964884273483,0
2023-04-11 07:00:00,2.985626258956348,53.91818763853216,2.700869885883664,0
2023-04-11 08:00:00,2.999976376149251,69.73578034594902,4.414576150800025,0
2023-04-11 09:00:00,2.426251757133319,54.98371963433582,4.087995300711664,0
2023-04-11 10:00:00,1.9170431991169632,50.14935263385139,5.860794262151353,0
2023-04-11 11:00:00,3.241971747803163,61.433387802947585,4.01045417575134,0
2023-04-11 12:00:00,2.6136397718568967,54.88874582463263,4.742443409036221,0
2023-04-11 13:00:00,2.2155232367400397,50.20566180640334,2.861663051667146,0
2023-04-11 14:00:00,2.1166514873062083,53.64751513669856,5.654089552015256,0
2023-04-11 15:00:00,-0.11486617029487212,53.419684173065484,2.3423519932221475,1
2023-04-11 16:00:00,1.044354612804199,61.12077168709217,4.8518474691401146,0
2023-04-11 17:00:00,2.81301303569992,60.55860853962989,5.42756262959869,0
2023-04-11 18:00:00,2.4226955391135987,62.730094248380034,5.759877330309766,0
2023-04-11 19:00:00,3.6082721311428534,67.92594824865468,4.901369266676377,1
2023-04-11 20:00:00,3.1500020142309797,62.68679742910788,4.12229238939632,0
2023-04-11 21:00:00,2.5740392087866892,70.71700336112691,2.0507232774689013,0
2023-04-11 22:00:00,3.2971677924315395,75.14749601247878,4.147744022503992,0
2023-04-11 23:00:00,1.3959671781896106,61.902901945491706,3.8696991730757095,0
2023-04-12 00:00:00,2.7838252368075893,72.38233463286657,3.322422547419871,1
2023-04-12 01:00:00,1.2658944763624733,71.01936098825574,1.7267911605656145,0
2023-04-12 02:00:00,3.4925226999275765,66.10155158546272,3.4802862103230696,0
2023-04-12 03:00:00,1.9503750679679892,53.578926366088396,4.3579812309982735,0
2023-04-12 04:00:00,1.5806668996239281,58.5824250942157,3.407482528794972,0
2023-04-12 05:00:00,3.055734444384716,62.24133032015266,4.633106111470646,0
2023-04-12 06:00:00,3.518120281644974,49.85770571464178,3.7475649032251135,0
2023-04-12 07:00:00,2.2172635407817123,52.896245905203905,3.444022820133293,0
2023-04-12 08:00:00,2.387725886969024,86.37067129734024,2.940784763056237,0
2023-04-12 09:00:00,3.1986684039646605,72.60753287597701,4.448597876244173,0
2023-04-12 10:00:00,1.0381968705682592,40.15599683362743,1.2308751182637012,0
2023-04-12 11:00:00,1.5495586187758783,76.41523366489119,7.304046807579439,0
2023-04-12 12:00:00,4.2193736591586175,61.06189354203891,0.6691941951427705,0
2023-04-12 13:00:00,2.212994486326656,68.24120597768953,5.603413133768608,0
2023-04-12 14:00:00,2.2540839972805666,70.88910235662352,6.6215681414082574,0
2023-04-12 15:00:00,2.706301133679036,62.639039696630356,5.312307784978708,0
2023-04-12 16:00:00,2.2562626703096784,53.873315196086914,3.5683214409750876,0
2023-04-12 17:00:00,1.647116338151475,65.5848653467781,3.384796244766049,0
2023-04-12 18:00:00,3.433039317386859,90.92253165777078,5.361868484063003,0
2023-04-12 19:00:00,2.2484381481604365,65.18014237733418,7.6701236793130345,0
2023-04-12 20:00:00,2.5019705965971695,71.87577889176416,5.239736886483048,0
2023-04-12 21:00:00,1.9410528386501595,65.5530829308797,4.275514970241382,0
2023-04-12 22:00:00,3.4180281226632543,81.17770273637791,3.4470454400071637,0
2023-04-12 23:00:00,2.829354870830218,66.09793260680513,2.478624567805042,0
2023-04-13 00:00:00,2.985719689619501,70.8361392915569,3.463394960102991,0
2023-04-13 01:00:00,2.835010438174696,65.45554042386962,2.1568478056024025,0
2023-04-13 02:00:00,2.9503209347843,63.25414412677503,3.675748288533982,0
2023-04-13 03:00:00,2.902712622395641,72.82411270316994,4.722031829245729,0
2023-04-13 04:00:00,2.756356041654062,69.90848767769702,2.4040637915414758,0
2023-04-13 05:00:00,1.8575416757779377,87.92846996516155,3.454568789916582,0
2023-04-13 06:00:00,1.6580587171991565,65.72440282833,6.271884856955044,0
2023-04-13 07:00:00,3.01561274027601,39.90973348274582,6.891440483772178,0
2023-04-13 08:00:00,3.0624555620944074,77.14467978925533,4.850868379890127,0
2023-04-13 09:00:00,3.7023578309598255,56.49924667900796,6.753799026167723,0
2023-04-13 10:00:00,2.956040542890735,75.0717361844793,4.378695609178637,0
2023-04-13 11:00:00,1.8801758955347707,65.74529770257627,6.235707373718046,0
2023-04-13 12:00:00,2.416683178299855,62.734983027175545,4.242208417758047,0
2023-04-13 13:00:00,2.1201081676945934,63.34642161580914,3.5930130476308877,0
2023-04-13 14:00:00,2.5446084160214033,70.10695935220167,3.96251996659577,0
2023-04-13 15:00:00,2.038915637021898,44.05250484944939,7.800118359111799,0
2023-04-13 16:00:00,2.6840239201812794,82.70573586120494,4.167671103958364,0
2023-04-13 17:00:00,2.910669604628273,77.27698612046413,4.160084871498686,0
2023-04-13 18:00:00,2.192514315758815,73.15179616656303,2.1464457351570525,0
2023-04-13 19:00:00,1.716682729827098,48.72846588900371,4.8222742832312475,0
2023-04-13 20:00:00,1.8756604972744548,70.32992381146802,6.249644560282656,0
2023-04-13 21:00:00,3.022977277541328,75.29180684436102,3.3149129021768333,1
2023-04-13 22:00:00,2.213747671700483,68.05925856981293,4.392192863916946,1
2023-04-13 23:00:00,1.7873044695332798,59.92018434635802,4.666011378413376,1
2023-04-14 00:00:00,2.2370334265076703,61.50533931268888,3.489522428523933,0
2023-04-14 01:00:00,1.630481284700524,59.70765814069835,3.298093034329855,0
2023-04-14 02:00:00,3.6577525590159716,53.8454981209034,4.771555427400549,0
2023-04-14 03:00:00,4.741635620953352,98.4264941250201,6.14084343313273,1
2023-04-14 04:00:00,3.595014936158091,69.46838610356667,3.8341706628520575,0
2023-04-14 05:00:00,3.131746304374859,60.0644886450802,3.5772447595131514,0
2023-04-14 06:00:00,1.683382121484279,59.259405766613156,3.6290362784941768,0
2023-04-14 07:00:00,1.8376367300633332,70.18412619562082,4.4475433039053565,0
2023-04-14 08:00:00,2.939380612562837,73.33297229667916,3.4898155830691313,0
2023-04-14 09:00:00,1.0904596919986496,58.06601142003841,3.296047853333028,0
2023-04-14 10:00:00,2.048384014215119,60.62568067761119,4.500604542943035,0
2023-04-14 11:00:00,0.7136779271485887,86.29579839549521,4.817029237143823,0
2023-04-14 12:00:00,1.9722212275258073,74.65110416863017,5.355665587574061,1
2023-04-14 13:00:00,2.0420401849890135,71.94072752760488,5.205938394050353,0
2023-04-14 14:00:00,2.6619726603090497,54.716452092221175,3.943563361473171,0
2023-04-14 15:00:00,1.6811325675791369,66.80817679918005,4.190297489946251,0
2023-04-14 16:00:00,3.1980281197991594,62.7706760862092,4.996251089277777,0
2023-04-14 17:00:00,2.588735019682035,75.8661063985524,1.6738750417246089,0
2023-04-14 18:00:00,2.204055615145229,61.490696691585,3.600550222796153,0
2023-04-14 19:00:00,1.9567721581224018,57.47786455192915,1.0524397885659846,0
2023-04-14 20:00:00,1.7631429673407313,66.15303728133442,5.573782523408597,0
2023-04-14 21:00:00,3.554406985457528,46.94030763026134,4.331132416730044,0
2023-04-14 22:00:00,2.635964348580834,57.16783302785603,5.566590958525316,0
2023-04-14 23:00:00,2.460553884966046,53.834400724651886,3.223011581662131,0
2023-04-15 00:00:00,3.8268250848358063,60.029260103536224,4.565605552190925,0
2023-04-15 01:00:00,3.1528763278110725,70.58033642890796,0.5696319331656015,0
2023-04-15 02:00:00,1.7914944815506826,47.008986973353174,7.224336712148462,0
2023-04-15 03:00:00,2.501623434012304,67.6720116221689,1.5057986026392918,1
2023-04-15 04:00:00,0.40163286182717517,55.26859332847506,3.4496246147250327,0
2023-04-15 05:00:00,2.714350782780473,53.442593270960415,1.7361999329472781,0
2023-04-15 06:00:00,4.12336624204079,70.53182566737938,4.861020315245771,0
2023-04-15 07:00:00,3.513848466963432,69.03960759729476,4.961885761855381,0
2023-04-15 08:00:00,2.2465054708343386,60.44879163096051,4.829886425776157,0
2023-04-15 09:00:00,3.3632066145194908,73.21954284486306,4.480832747017025,0
2023-04-15 10:00:00,1.9998771584874158,75.44476234959795,2.9189523209789576,0
2023-04-15 11:00:00,2.3994747773679928,76.16190216422635,3.476133996112087,0
2023-04-15 12:00:00,3.592022216405052,70.7981214836286,1.3380492775917991,0
2023-04-15 13:00:00,2.3957188846267847,68.97902606046232,2.363815146927734,0
2023-04-15 14:00:00,3.020744830698243,69.85790203286227,3.9522036829085643,0
2023-04-15 15:00:00,1.7910845643476043,65.14696915999873,2.1251853220490164,0
2023-04-15 16:00:00,2.117978972233861,60.41807446156962,3.9194869118971916,0
2023-04-15 17:00:00,0.7531129662493661,49.83162647052419,3.8604438935412584,0
2023-04-15 18:00:00,0.7563157278803212,84.57535242391153,7.751664742053932,0
2023-04-15 19:00:00,3.2693983217072864,64.17215307217171,6.916752466883603,1
2023-04-15 20:00:00,2.8391239242126103,62.68318017692843,5.846256547516518,0
2023-04-15 21:00:00,3.372549895359776,59.299762900676136,2.0740146861723256,0
2023-04-15 22:00:00,2.036942390468597,55.0462174360239,2.3066366391597497,0
2023-04-15 23:00:00,2.166759143131906,81.13018464195991,4.113478234091963,0
2023-04-16 00:00:00,1.8037245594595834,65.03855971467053,4.733547499873,0
2023-04-16 01:00:00,2.2907442359680696,58.34140946746055,2.897279149584238,0
2023-04-16 02:00:00,2.3193393136295786,54.58218803926989,4.183523878870902,0
2023-04-16 03:00:00,3.317018381438886,57.11542561909404,2.2998940658724525,0
2023-04-16 04:00:00,1.9017097058467454,64.16860984504667,2.5457754407043036,0
2023-04-16 05:00:00,2.2945934349311177,51.54901224640005,4.45612052105566,0
2023-04-16 06:00:00,2.754042595735601,66.21235058259067,-0.0385066202943154,0
2023-04-16 07:00:00,2.828808872375877,64.33946965336429,1.9256677038207437,0
2023-04-16 08:00:00,1.8588134036096564,65.14507641073567,5.000852425495887,1
2023-04-16 09:00:00,3.1741143414793234,70.31111283524716,5.4458055982170865,0
2023-04-16 10:00:00,3.1497743704446766,68.33843043577858,3.419507675367579,0
2023-04-16 11:00:00,2.077066489831493,64.74140082352768,3.7953891788438425,0
2023-04-16 12:00:00,2.1601375758533803,126.95323712105916,3.4766942332367607,1
2023-04-16 13:00:00,2.7950894529726327,74.89004895434795,3.7661894174151134,0
2023-04-16 14:00:00,4.535686696124058,95.21804303315895,3.5567589072152583,0
2023-04-16 15:00:00,2.457791826358102,72.93448879590592,3.867526438113093,0
2023-04-16 16:00:00,2.3069145353005944,66.02269983215537,3.4206475237126215,0
2023-04-16 17:00:00,3.2127956855245046,66.73957897528422,3.4166508661002215,0
2023-04-16 18:00:00,1.262485314903742,78.7540656795467,3.4279877939498618,0
2023-04-16 19:00:00,2.0605293153579836,62.79161671654455,1.552130881898865,0
2023-04-16 20:00:00,1.8680998929134895,85.1837823022266,4.217438864986579,0
2023-04-16 21:00:00,3.6869662912149654,60.6701077629945,6.998792232552461,0
2023-04-16 22:00:00,1.7477023473215065,67.89507433127311,2.757799489426071,0
2023-04-16 23:00:00,1.5843491566143182,61.31235854799041,4.249423475089035,0
2023-04-17 00:00:00,4.6011170226253935,72.33437922647735,4.116858205436549,0
2023-04-17 01:00:00,3.5359508792491363,64.9482483908856,4.801391296260631,0
2023-04-17 02:00:00,1.0115403332248438,63.53315785504281,2.729069050383849,0
2023-04-17 03:00:00,2.41990925261774,46.90299351650341,5.5058728362848255,0
2023-04-17 04:00:00,2.34350374152341,80.25540476108614,3.7097247519188232,0
2023-04-17 05:00:00,3.4480081870029253,63.121984237124344,5.114973329159897,0
2023-04-17 06:00:00,3.8606042157710174,61.53998292163414,4.441932277251452,0
2023-04-17 07:00:00,3.171183515743708,69.26325177047704,1.7951762841993397,0
2023-04-17 08:00:00,2.6716914690654052,75.9118184151804,4.211820070216181,1
2023-04-17 09:00:00,2.212709727891655,73.61115632106244,4.694361286040628,0
2023-04-17 10:00:00,2.010928543108914,49.672431514625465,3.623917292640963,0
2023-04-17 11:00:00,2.6554853815879476,55.64029189789565,3.496323598552076,0
2023-04-17 12:00:00,4.595863006999689,48.96400073354364,2.518008605743657,0
2023-04-17 13:00:00,1.6989772173383244,69.44887104694944,4.676446588053047,0
2023-04-17 14:00:00,3.398358201653209,65.53798825533389,3.569676634914961,0
2023-04-17 15:00:00,2.9306194574545925,68.88877410012987,3.2779613799648195,0
2023-04-17 16:00:00,3.2806757741528165,71.01302120917256,6.894087954292689,0
2023-04-17 17:00:00,2.1445053993377203,61.07957765854832,4.9172776424216815,0
2023-04-17 18:00:00,3.731386664931633,53.10701950413955,5.079768114976638,0
2023-04-17 19:00:00,0.9144929756968494,64.47297216599554,2.4495590262770053,0
2023-04-17 20:00:00,1.7213331939876708,56.34286198344665,4.133249588121429,0
2023-04-17 21:00:00,1.848331813716297,53.375324598676336,4.676415282171064,0
2023-04-17 22:00:00,1.982126942816009,76.35618622932115,3.061965224913446,0
2023-04-17 23:00:00,3.507607876283559,72.51214739286063,5.980584729799266,0
2023-04-18 00:00:00,2.0551663169913224,57.93113720422161,7.273325916705127,0
2023-04-18 01:00:00,3.593208752214699,44.6479771818897,6.025744287193117,0
2023-04-18 02:00:00,3.589793581903934,48.63752782323826,2.6245464283736974,0
2023-04-18 03:00:00,2.220275381229707,67.72499124118396,7.493972968890832,0
2023-04-18 04:00:00,3.5432475424938525,62.59782443826115,4.1913556405100785,0
2023-04-18 05:00:00,1.7997595274416827,76.83946867156011,2.7551883176188947,0
2023-04-18 06:00:00,1.5015471514830485,58.37262221784019,1.8851613557905367,0
2023-04-18 07:00:00,2.828579015553356,73.01056224822442,2.011218135937832,0
2023-04-18 08:00:00,3.284119562596363,81.24717968546005,4.405263311669026,0
2023-04-18 09:00:00,2.3814970664281625,61.056282225778354,5.172852517971924,0
2023-04-18 10:00:00,1.2110590991326513,73.29498890604516,3.5071714182116187,0
2023-04-18 11:00:00,3.323721479323618,62.83749625648585,2.2272249783593163,1
2023-04-18 12:00:00,2.73492503589557,65.93018825588874,4.0101623149130035,1
2023-04-18 13:00:00,2.529892900313974,56.22740756451231,7.205909365389194,0
2023-04-18 14:00:00,2.149266490103876,69.5820028806481,3.8062515587364327,0
2023-04-18 15:00:00,2.2699026866547123,76.85382194532235,3.1751616868705885,0
2023-04-18 16:00:00,1.1939488918871595,62.54797512018751,6.6560283998407686,0
2023-04-18 17:00:00,3.7019385649060865,67.73528383987562,5.8384024885381605,0
2023-04-18 18:00:00,2.8464924136156027,79.46228016691778,4.412052466161645,0
2023-04-18 19:00:00,1.9673705905005698,77.21515372842042,3.5187297929222665,0
2023-04-18 20:00:00,2.1860870866374427,71.54066422886163,5.965327898484304,0
2023-04-18 21:00:00,4.502666348872156,64.96825813723939,2.10939917996728,0
2023-04-18 22:00:00,3.109835990510209,65.5382347955995,3.322201920082858,0
2023-04-18 23:00:00,2.8095201646386028,71.04435426410343,3.5489848217075766,0
2023-04-19 00:00:00,1.3046472973601928,63.06665052122361,1.15293442415006,0
2023-04-19 01:00:00,2.0087432414947903,65.50731867247994,5.346138656583784,0
2023-04-19 02:00:00,2.407903626143301,54.01683217088733,3.9492520731426395,0
2023-04-19 03:00:00,2.5739829676793073,69.34337772531532,5.710217179715121,0
2023-04-19 04:00:00,1.8223731714519373,84.62321887517092,1.5244387102887749,0
2023-04-19 05:00:00,1.7027407151661706,54.738568374028524,4.5310486499575315,0
2023-04-19 06:00:00,2.314433160240652,70.83936190123566,2.8594658539799465,0
2023-04-19 07:00:00,0.8742823252616811,55.92863596336045,3.9609799675021935,0
2023-04-19 08:00:00,2.7232150790888,34.249729651478894,1.644119995258709,0
2023-04-19 09:00:00,2.410498775493735,72.66446664892815,5.511212790474497,0
2023-04-19 10:00:00,1.0424241927180353,50.92592454041124,2.126695387446737,0
2023-04-19 11:00:00,1.9541056468543916,61.038534664490484,3.637753192274109,0
2023-04-19 12:00:00,1.7682623339937016,79.42387442254145,4.594087673121027,0
2023-04-19 13:00:00,2.130653047504933,81.30159869459837,5.405188342322514,0
2023-04-19 14:00:00,3.4996158212265844,119.41680758959373,6.243439842396072,1
2023-04-19 15:00:00,2.8002334722045443,52.638543982748,4.546885675148615,0
2023-04-19 16:00:00,1.9861738708931256,50.279017102754906,3.3226575418407873,0
2023-04-19 17:00:00,2.0034139379123803,74.91531265392472,5.403562319911815,0
2023-04-19 18:00:00,0.8329180187458469,63.51832396586928,4.386644036788574,0
2023-04-19 19:00:00,2.27503120844919,55.16324684825062,3.4375382571267874,0
2023-04-19 20:00:00,2.2216479709562917,70.78719462849233,4.291228205970157,0
2023-04-19 21:00:00,1.086519067195115,79.79792349531613,4.907451769898218,0
2023-04-19 22:00:00,1.3515641764356852,78.24375040140579,4.879683774686573,0
2023-04-19 23:00:00,1.8350335733076821,62.05592175880869,4.398602929062918,0
2023-04-20 00:00:00,4.395850552717365,57.669872227890934,3.764304112204424,0
2023-04-20 01:00:00,4.538198193792935,74.53732656081368,5.104473666509581,0
2023-04-20 02:00:00,2.4553928570746453,83.28358040197267,4.351829204268269,0
2023-04-20 03:00:00,2.010038321576316,66.47424805545023,5.557775256184199,0
2023-04-20 04:00:00,1.2607618451218219,67.66716922968504,2.9723477670579355,0
2023-04-20 05:00:00,1.7535811817887033,50.82297273636294,4.482901961867869,0
2023-04-20 06:00:00,3.2280195883549103,50.01254320752773,2.1473057915063483,0
2023-04-20 07:00:00,3.8637644668847795,60.49965986818597,2.241987649649744,0
2023-04-20 08:00:00,3.09743967793902,61.37024966891198,5.350431979143251,0
2023-04-20 09:00:00,1.275486623767754,65.11829164669955,4.712915909731142,0
2023-04-20 10:00:00,2.4875174994306546,63.175474158030234,4.630290008460191,0
2023-04-20 11:00:00,2.2577679797629853,68.98311484721096,5.957879191788027,0
2023-04-20 12:00:00,2.164545301784609,55.66394967175894,1.5455519222793805,0
2023-04-20 13:00:00,2.460171514581478,69.18647898891469,6.007606720957579,0
2023-04-20 14:00:00,1.3309123068425806,61.56407125787052,3.6622280205809736,0
2023-04-20 15:00:00,1.8506613015183406,66.67090451014363,1.8873533544888703,0
2023-04-20 16:00:00,0.8575830661330281,53.600282357339296,6.697942911263372,0
2023-04-20 17:00:00,1.4550063516491438,58.45622666859398,4.326252328135595,0
2023-04-20 18:00:00,3.6901144827229286,74.93920204469926,5.573236425069069,0
2023-04-20 19:00:00,1.572105609805401,60.39360267635351,4.6649712661484415,0
2023-04-20 20:00:00,2.2408743989157003,54.513863768698634,0.621769668776988,0
2023-04-20 21:00:00,2.0549731045694966,71.49942830522686,3.258377787279164,0
2023-04-20 22:00:00,3.558515665854614,80.64174127757276,4.86534896150449,0
2023-04-20 23:00:00,2.648799645166829,63.65979279003327,4.617709425194607,0
2023-04-21 00:00:00,2.7584409653191813,64.99914036381277,7.158359090867535,0
2023-04-21 01:00:00,3.5275702406695886,74.09718476552148,6.322579773371452,0
2023-04-21 02:00:00,3.9027112857955233,65.7572767245997,4.968211729149128,0
2023-04-21 03:00:00,2.646966980076687,73.33135544329434,4.419297371492914,0
2023-04-21 04:00:00,3.499939968965686,49.72775281522693,5.075709695928595,0
2023-04-21 05:00:00,2.83382313236727,60.169583994582254,6.474266739596361,0
2023-04-21 06:00:00,2.539743803979082,75.5641155113876,5.290317139144973,0
2023-04-21 07:00:00,2.41760700579978,51.46323967224259,3.0042748541034494,0
2023-04-21 08:00:00,0.795809736293484,64.3745939038751,3.82007147241607,0
2023-04-21 09:00:00,2.012008629986351,70.34586124701555,4.350438876752568,0
2023-04-21 10:00:00,2.2603843671162283,65.12684139009629,5.91619525605091,0
2023-04-21 11:00:00,1.5772711819911693,65.34091262008873,6.1304198198342625,0
2023-04-21 12:00:00,2.4006465342614365,77.99736327360867,2.358684180702759,0
2023-04-21 13:00:00,0.8363039527553815,71.63827161798787,4.310709906543982,0
2023-04-21 14:00:00,2.4193176895859247,79.96487918085543,4.413776852881914,0
2023-04-21 15:00:00,2.9521249499818594,69.34245565556157,3.214944331453199,0
2023-04-21 16:00:00,1.9720734958760844,46.67849475156582,2.418665309913586,0
2023-04-21 17:00:00,2.00451735895317,77.82325746203213,5.476805949776941,0
2023-04-21 18:00:00,1.5020086963986183,73.21966704668893,4.9433484976127,0
2023-04-21 19:00:00,2.077874068338139,70.97697664353367,-0.16271236605738704,0
2023-04-21 20:00:00,3.0957252537824234,53.73550899964162,5.507779393029726,0
2023-04-21 21:00:00,1.1014420103313334,70.96513566827781,4.634494595053613,0
2023-04-21 22:00:00,3.6174421197746254,68.92431964076602,2.910762467719266,1
2023-04-21 23:00:00,1.3907743745544139,62.730456808299834,5.926548915340511,0
2023-04-22 00:00:00,3.6276403140726003,69.71947016057996,3.4637538299853308,0
2023-04-22 01:00:00,2.040676059107991,69.46758497137517,2.4950449404940107,0
2023-04-22 02:00:00,2.263723846238079,64.02419793630416,6.313345671063054,0
2023-04-22 03:00:00,1.9947315801834586,78.88898310415823,4.637514081166378,1
2023-04-22 04:00:00,1.94292849921696,60.99397005279266,4.213479950996632,0
2023-04-22 05:00:00,3.0384230070702993,68.3148393260823,2.298085063715651,0
2023-04-22 06:00:00,2.7470384329811273,60.01831883452602,3.542565693828399,0
2023-04-22 07:00:00,1.7664105181509306,72.68967214679805,5.372985114979309,0
2023-04-22 08:00:00,0.5154073961461647,55.95605628436879,5.94387350854176,0
2023-04-22 09:00:00,2.8080134706825044,77.42296127771192,4.828262276859216,0
2023-04-22 10:00:00,3.5037113913207003,58.256368682188224,3.4901766554966396,0
2023-04-22 11:00:00,3.4955358257400353,77.44363863101267,5.138119389532527,0
2023-04-22 12:00:00,1.6148718262987503,61.768898660193535,3.1348918474238916,0
2023-04-22 13:00:00,2.9886054626992276,58.939379239313546,3.599183646578617,0
2023-04-22 14:00:00,3.076081046398522,73.09008641991403,6.107109717954581,0
2023-04-22 15:00:00,2.727940540630297,58.38645997869965,6.6229198832464515,0
2023-04-22 16:00:00,3.0683071823697294,56.46387894541401,3.9042312823492487,0
2023-04-22 17:00:00,1.6989945673825937,57.06314997215853,7.8477123859024775,0
2023-04-22 18:00:00,2.8691596836844226,82.81138175867338,3.642387543826642,0
2023-04-22 19:00:00,1.7853748100733502,69.96449060669254,3.5910151693300265,0
2023-04-22 20:00:00,2.0021234143079254,69.94598895853204,2.501940136832849,0
2023-04-22 21:00:00,3.5549788569084013,50.041828921056485,3.6617923401368273,0
2023-04-22 22:00:00,2.5654526036185157,71.56340071253753,4.192084882107355,0
2023-04-22 23:00:00,1.8397136928319915,66.60037605953003,5.712951579993344,0
2023-04-23 00:00:00,1.9298035262300313,60.93705879853276,5.0081386277623725,0
2023-04-23 01:00:00,2.2906434628746495,58.53830511682415,6.869748014647181,0
2023-04-23 02:00:00,3.0717618423729713,87.02973014628995,3.973509740117087,0
2023-04-23 03:00:00,3.27530882841758,67.17413444340535,2.7777557560468655,0
2023-04-23 04:00:00,2.988203699106826,66.57128893988745,3.631976725576846,0
2023-04-23 05:00:00,2.5187493670929877,58.711763027237794,4.2938985846667,0
2023-04-23 06:00:00,3.219625568735239,62.340831500718366,6.512152254918094,0
2023-04-23 07:00:00,1.617943076704441,70.06872187251372,5.05397992646726,0
2023-04-23 08:00:00,3.8208583501897806,69.93768820932392,4.622364817661931,0
2023-04-23 09:00:00,0.29318581766225815,76.13805155435006,5.420839175993093,0
2023-04-23 10:00:00,2.5009889337395657,74.12333992757371,6.444355671720333,0
2023-04-23 11:00:00,2.195728587508425,74.86685855845639,6.599315889447087,0
2023-04-23 12:00:00,1.511162657250177,74.89710813021249,3.540629354217911,0
2023-04-23 13:00:00,2.4814967765358653,52.80335367797331,3.2545776238226978,0
2023-04-23 14:00:00,1.2227595196710765,92.00091264209543,3.7507252048913178,0
2023-04-23 15:00:00,2.5177692644360117,75.69078300290508,5.189728615894064,0
2023-04-23 16:00:00,3.375934518647718,70.55412497099368,5.679455915246674,0
2023-04-23 17:00:00,3.5642110233032964,71.889852563923,4.372259455596902,0
2023-04-23 18:00:00,3.4710120253209786,57.02914902193738,6.399902132951194,0
2023-04-23 19:00:00,0.9631898889474722,64.41407898551284,6.3164142756920985,0
2023-04-23 20:00:00,1.8772646441963088,65.92747561379365,3.9317498385310334,0
2023-04-23 21:00:00,2.397890855281583,51.52810714871173,3.9257515794772684,0
2023-04-23 22:00:00,3.5773810011439684,73.42760369563517,5.272640343072107,0
2023-04-23 23:00:00,3.079867180707423,71.72509809609042,4.857969514094221,0
2023-04-24 00:00:00,3.25138284235491,67.31933046958345,5.102296625223107,0
2023-04-24 01:00:00,2.543966667228119,60.72591518948778,5.520311950445438,0
2023-04-24 02:00:00,1.8368713222193382,62.397631710140004,4.701386030896677,0
2023-04-24 03:00:00,2.3092458007404306,55.052095193667995,4.314455578047323,0
2023-04-24 04:00:00,2.6406033069384156,64.06782577510528,3.0420719615809784,0
2023-04-24 05:00:00,1.3957080528884513,48.98353740362801,1.3024559980497137,0
2023-04-24 06:00:00,1.4779750617320417,75.00190301191918,2.5243002468001388,0
2023-04-24 07:00:00,2.891482649529204,71.36135986281764,4.7848908430362815,0
2023-04-24 08:00:00,2.8859872033991585,78.06977341743229,3.3487971825960656,0
2023-04-24 09:00:00,2.3254943392478467,60.97308563166485,1.9790310558684787,0
2023-04-24 10:00:00,2.538181375268774,73.19565294898295,2.9821729295454387,0
2023-04-24 11:00:00,3.5500116342276007,66.38434469570313,3.560907099661251,0
2023-04-24 12:00:00,3.649203749321246,73.38904813107362,4.531262489609308,0
2023-04-24 13:00:00,2.6928106857374123,60.86947147477895,5.786203582141005,0
2023-04-24 14:00:00,2.1851261568508855,54.34812596364502,4.936204480788206,0
2023-04-24 15:00:00,3.501919176035157,57.33128601602917,1.1562821985141571,0
2023-04-24 16:00:00,4.287591422449255,68.37037380853373,2.6995108445462748,0
2023-04-24 17:00:00,2.4358109230459264,62.92851490662916,2.3697486040539872,0
2023-04-24 18:00:00,2.028765472923157,68.71991005824302,4.513312375328085,0
2023-04-24 19:00:00,2.118601824731365,75.76456877169457,3.305237536340159,0
2023-04-24 20:00:00,1.051678397997427,60.45297319925848,2.5909815006760804,0
2023-04-24 21:00:00,4.138375116035992,62.13179638531921,5.553032547105273,0
2023-04-24 22:00:00,3.3023408617159173,66.94479034912244,5.405597194847595,0
2023-04-24 23:00:00,1.4106414017589703,72.65411953520848,4.957223668575235,0
2023-04-25 00:00:00,3.2426746438548606,56.92081737221275,3.8248715095382986,0
2023-04-25 01:00:00,2.4296131457384877,77.65955329057836,5.648992462860879,0
2023-04-25 02:00:00,2.4595825911438696,75.31113808060599,2.7409124502933495,0
2023-04-25 03:00:00,3.2901146118092797,56.56401071085235,4.09807943563957,0
2023-04-25 04:00:00,3.3147468722792777,62.755765341587356,6.584425875032597,0
2023-04-25 05:00:00,2.837402677358784,61.01038744068429,4.875342976056912,0
2023-04-25 06:00:00,1.8236222466545695,75.89372048510482,4.528162598800915,0
2023-04-25 07:00:00,2.5073938866270167,75.9710858736863,4.705585566345747,0
2023-04-25 08:00:00,2.4099353975763367,71.87218804082335,3.904640985427429,0
2023-04-25 09:00:00,1.8338310192576652,57.319619364626384,4.277958065120895,0
2023-04-25 10:00:00,1.5545150129628664,63.04882474415997,2.9711461914433324,1
2023-04-25 11:00:00,2.968253695931295,41.36813303267847,3.6683052898816904,0
2023-04-25 12:00:00,2.530459597048527,64.69235733331305,3.654165743713474,1
2023-04-25 13:00:00,3.4469450123912346,82.04743317216757,6.660782759234661,0
2023-04-25 14:00:00,3.7013883323281447,76.54921726682386,-0.84936146930802,0
2023-04-25 15:00:00,2.2806197695963033,64.30326117421652,7.092617893464187,0
2023-04-25 16:00:00,1.589152850352097,82.19827653621489,6.197215311356327,0
2023-04-25 17:00:00,2.9241837546603713,58.35136533643479,3.8977111161796323,0
2023-04-25 18:00:00,2.871095096339934,72.34233421246313,5.990989591250752,0
2023-04-25 19:00:00,3.1440359260458974,71.65381829630965,2.6676837053272773,0
2023-04-25 20:00:00,2.843850278309415,55.18350332479005,6.547976185473754,0
2023-04-25 21:00:00,2.5747047636316926,60.99290379322323,0.6569544406358592,0
2023-04-25 22:00:00,2.931385294313067,73.80689214323601,3.175467815661234,0
2023-04-25 23:00:00,1.3078651887260178,72.13257114174607,4.6592557407836415,0
2023-04-26 00:00:00,2.0687578649149976,66.93970649319317,4.117368185606613,0
2023-04-26 01:00:00,1.5514348852995468,61.435332524741526,4.543232306299861,0
2023-04-26 02:00:00,3.1457483281487737,75.03743068398708,3.6938003618544335,1
2023-04-26 03:00:00,3.3553555066127245,50.7248031830796,3.6236091602232596,0
2023-04-26 04:00:00,1.7602821582687769,86.89125207294009,4.44511438521054,0
2023-04-26 05:00:00,3.205798758253005,58.50072057828062,6.231210959532866,0
2023-04-26 06:00:00,2.748995194473913,64.35316268329393,2.717248039348548,0
2023-04-26 07:00:00,2.2503232719759083,73.75144215811277,3.5386689048706774,0
2023-04-26 08:00:00,0.610937411417338,66.8302642451365,2.1415952313955087,0
2023-04-26 09:00:00,2.206150837116808,65.44646132728724,2.739738354462893,1
2023-04-26 10:00:00,3.094112532647363,66.15462078759654,0.6952453707574833,0
2023-04-26 11:00:00,2.617753263920629,59.531845522783506,6.029963791287326,0
2023-04-26 12:00:00,1.2494217232100635,77.36576324137086,2.6709520018513517,0
2023-04-26 13:00:00,2.771916361095495,79.64746395787793,4.335576498039726,0
2023-04-26 14:00:00,3.023090699210085,56.53656538547434,1.7431257476671438,0
2023-04-26 15:00:00,3.445578902242976,78.87246234594369,5.770192857248539,0
2023-04-26 16:00:00,3.59440605877181,70.31956405610012,4.749716534568506,0
2023-04-26 17:00:00,2.8549573083061928,74.90788666825432,4.4529554110157905,0
2023-04-26 18:00:00,0.6172903978487332,60.55598285350268,4.796715136269795,0
2023-04-26 19:00:00,1.1876377590828242,57.027726916480205,2.816783308650346,0
2023-04-26 20:00:00,2.866035613971702,58.2636696147401,3.6068140807266564,0
2023-04-26 21:00:00,3.149007465813559,60.90202745748647,4.047614501940831,0
2023-04-26 22:00:00,3.491120405626379,65.55662623609517,5.439849189021022,0
2023-04-26 23:00:00,2.8076746983534635,74.6209500561605,4.360528647602767,0
2023-04-27 00:00:00,3.2641544322059297,73.17671515624988,5.424684739543245,1
2023-04-27 01:00:00,0.9342896540412844,54.521362082294075,4.8144324348266965,0
2023-04-27 02:00:00,3.4598409842770255,45.33434099243118,3.46437735134412,0
2023-04-27 03:00:00,1.8211690657782977,59.67879057011167,5.101754821674227,1
2023-04-27 04:00:00,2.295627612502212,65.51830520953764,4.432576265986356,0
2023-04-27 05:00:00,1.4372024762664835,58.68109155399691,3.991438565787064,0
2023-04-27 06:00:00,2.4196673224430953,64.1585553492906,5.430029305182979,1
2023-04-27 07:00:00,2.793143768507381,57.30163757809946,5.457382822889809,0
2023-04-27 08:00:00,1.720215766515937,61.68281640501078,4.149006667921904,0
2023-04-27 09:00:00,1.2671017890910874,51.15398207138989,2.99218342043075,0
2023-04-27 10:00:00,1.9040768047109484,54.929450386572256,4.7047130335672405,0
2023-04-27 11:00:00,2.174900719783608,54.521924376887014,3.106800040348741,0
2023-04-27 12:00:00,1.969963956838632,67.80606409869591,3.4865684036835547,0
2023-04-27 13:00:00,1.5743927164841631,80.94430563688552,2.92010445569305,0
2023-04-27 14:00:00,1.0473521785820668,66.5295572476246,3.637954453263119,0
2023-04-27 15:00:00,2.139444673083629,61.8485301123272,1.6811333878063865,0
2023-04-27 16:00:00,3.7018120661854477,55.05813373501345,3.604305978528766,0
2023-04-27 17:00:00,3.5186709476748845,70.89321287311536,4.863803292745511,0
2023-04-27 18:00:00,2.3341021609016415,79.81219532015385,4.110100855822609,0
2023-04-27 19:00:00,2.023388442890011,62.851909237278164,4.5218864808069865,0
2023-04-27 20:00:00,2.0516202996708683,81.66470263967678,1.7204969342782812,0
2023-04-27 21:00:00,1.575050202671012,80.28296137539512,4.303811915966536,0
2023-04-27 22:00:00,2.4689210682236364,57.69590323114111,0.6051559720499453,0
2023-04-27 23:00:00,2.671770693269544,70.5860774729119,4.349363586592715,0
2023-04-28 00:00:00,3.4080137703008035,79.90836202910941,5.313027125949996,0
2023-04-28 01:00:00,3.1921162572072137,80.52085266326887,7.137934824169411,0
2023-04-28 02:00:00,3.4276667380390404,73.3286611754888,3.6587020346401764,0
2023-04-28 03:00:00,2.6953227847952856,54.71791270462561,5.71558930125043,0
2023-04-28 04:00:00,3.0430046796055654,65.6478964667273,5.043931708174806,0
2023-04-28 05:00:00,2.7507973464340614,73.05565885605392,5.669727805073302,0
2023-04-28 06:00:00,2.1884700718123113,99.33446594397839,4.920614998421025,1
2023-04-28 07:00:00,2.6690916170368775,63.10043690239904,4.871998232799529,0
2023-04-28 08:00:00,2.895332232314544,72.64562363656187,4.013080617113383,0
2023-04-28 09:00:00,2.782156301366474,52.29055476123496,5.112854048852082,0
2023-04-28 10:00:00,2.3737214572364587,70.17102614177792,0.9508440039905679,0
2023-04-28 11:00:00,2.2239076842582923,56.279549459127736,6.870379429117585,0
2023-04-28 12:00:00,1.6775319187974276,77.38509969245678,-0.07653718839034163,0
2023-04-28 13:00:00,2.9186663106668624,53.440380869818156,0.7240079193489373,0
2023-04-28 14:00:00,1.5476319114334902,50.45596018697021,4.324973270090332,0
2023-04-28 15:00:00,1.4949816358688508,46.22330854732691,3.634365563522664,0
2023-04-28 16:00:00,0.44413194102523246,60.2065093349279,2.5783316066686996,0
2023-04-28 17:00:00,1.734891895689513,62.364398271810536,4.116172988220757,0
2023-04-28 18:00:00,3.6723243336292795,70.52670182165396,4.401983023809332,0
2023-04-28 19:00:00,2.3756096259060193,69.69520261998343,2.7061401868226698,0
2023-04-28 20:00:00,3.212382389055545,44.35496743305552,5.118303959494258,0
2023-04-28 21:00:00,2.0599147032443623,62.13602830804619,1.9233344625582576,0
2023-04-28 22:00:00,3.262237337441542,71.02627710082486,3.4476807517689307,1
2023-04-28 23:00:00,2.9233278616533793,62.70779143883678,6.086699235388987,1
2023-04-29 00:00:00,2.7668831519374377,71.89470009220445,3.6291033168604465,0
2023-04-29 01:00:00,2.692983350818721,68.3740975669501,2.3021150631014207,0
2023-04-29 02:00:00,1.9819774123388245,58.13357073805965,7.645441945779912,0
2023-04-29 03:00:00,2.0921630275721492,70.99552212876154,5.228198178654994,0
2023-04-29 04:00:00,1.928466183204609,74.22437179140296,4.087527841286686,0
2023-04-29 05:00:00,1.5923944880160952,75.46063749643787,3.0975604190806783,0
2023-04-29 06:00:00,0.5554908937129186,57.20715946711011,5.731580953444432,0
2023-04-29 07:00:00,2.008056523943118,66.19008054415056,5.65420010511901,0
2023-04-29 08:00:00,2.225721523391788,44.023081510220706,1.4840445307992587,0
2023-04-29 09:00:00,2.9122806807694164,75.361830453601,6.489336328204519,0
2023-04-29 10:00:00,2.744296553350825,65.61905465427452,4.244189181057928,0
2023-04-29 11:00:00,2.23209841367463,72.27676044947826,6.053247634861573,0
2023-04-29 12:00:00,2.5246597083562925,53.889664514836774,5.3476072212176735,0
2023-04-29 13:00:00,2.354174622247723,62.259109316526114,2.9956099124572533,0
2023-04-29 14:00:00,1.7923656073874388,61.98686049885438,6.0056582281741155,0
2023-04-29 15:00:00,4.17902567824103,64.8447628789801,5.360351502532456,0
2023-04-29 16:00:00,4.178949192673931,61.45477507279677,5.057583329916806,0
2023-04-29 17:00:00,1.9401513067254377,57.74161204937612,2.5355540109472274,0
2023-04-29 18:00:00,3.0787142812719637,55.48030539824361,4.756137791367434,0
2023-04-29 19:00:00,3.842949308500153,63.460775012765225,4.256145981631918,0
2023-04-29 20:00:00,1.6151191873369706,59.96110884619589,3.9154494850660635,0
2023-04-29 21:00:00,2.192025290261428,78.43440040006888,4.275564044356001,0
2023-04-29 22:00:00,3.594958919506441,74.42058875611933,1.4198634457218837,0
2023-04-29 23:00:00,3.0127187751238624,55.73385995692499,3.4022531172565875,0
2023-04-30 00:00:00,1.4443964023496578,66.64513625087756,2.7132237033257627,0
2023-04-30 01:00:00,1.5311834027179096,61.630149288153454,2.330517335721934,0
2023-04-30 02:00:00,2.4286316731494613,74.64966156974242,2.1323975160919377,0
2023-04-30 03:00:00,1.3931683822587602,82.17126410505927,3.857062873746776,0
2023-04-30 04:00:00,4.203863490982687,49.341677354809434,3.209702881509352,0
2023-04-30 05:00:00,3.563226485634108,57.631389478947035,2.4873717790985808,0
2023-04-30 06:00:00,4.116050691231981,139.46521026825863,11.278618541535502,1
2023-04-30 07:00:00,3.81726608380818,67.68373589412919,5.622411965344998,0
2023-04-30 08:00:00,2.255138619612014,79.13280408486855,1.956763627123157,0
2023-04-30 09:00:00,3.064433259708354,106.65277242140854,12.587227365263363,1
2023-04-30 10:00:00,2.474457481278685,62.10570516509202,7.153076314288523,1
2023-04-30 11:00:00,3.131400842835596,65.59284560630942,1.6449498645485123,0
2023-04-30 12:00:00,2.8729248556717324,71.93379031994317,2.9774900097527257,0
2023-04-30 13:00:00,2.560190021036133,71.92565746475782,2.8063279293249286,0
2023-04-30 14:00:00,4.382685052128372,59.27980977551544,1.9025160999545077,0
2023-04-30 15:00:00,2.6163333977094427,82.1507577230412,3.4296942555921652,0
2023-04-30 16:00:00,1.751511112268989,61.42043880193278,5.315878386274865,0
2023-04-30 17:00:00,2.07331612953056,77.13847866140131,5.601006933299937,0
2023-04-30 18:00:00,1.939972792846067,64.30623619379706,5.000241670599095,0
2023-04-30 19:00:00,3.3135947507763417,73.09851132718536,2.7514487326839903,0
2023-04-30 20:00:00,3.3706477166528277,68.05977865545562,4.647895089248301,0
2023-04-30 21:00:00,2.6392412045802525,65.01384053350894,4.7042020463159435,0
2023-04-30 22:00:00,2.109747416381402,70.0441233606285,6.404071140816107,0
2023-04-30 23:00:00,2.3767755186028725,79.73926457859973,4.143622765222004,1
2023-05-01 00:00:00,2.23620938488301,78.75443579867391,4.599484202233116,0
2023-05-01 01:00:00,2.351843320897271,83.54997672947249,2.1424180712576217,0
2023-05-01 02:00:00,3.8008152986376045,62.149630113734005,7.264108526086143,0
2023-05-01 03:00:00,2.629272841101139,62.01267647865435,3.738933844586553,0
2023-05-01 04:00:00,0.8192803878068455,45.148850359794295,-0.10819452731339574,0
2023-05-01 05:00:00,2.1439869791923147,68.13863438376306,3.754672579349349,0
2023-05-01 06:00:00,1.3562417310322463,59.93122586484408,4.622959657104983,0
2023-05-01 07:00:00,2.120251675818257,38.54115610411776,5.816384738088737,0
2023-05-01 08:00:00,1.2589753739395335,66.24617135775107,5.221005098122957,0
2023-05-01 09:00:00,2.1243589843395907,60.573667785676776,2.5364345797586916,0
2023-05-01 10:00:00,3.8547562856609616,58.98013243348522,3.2265836769932856,0
2023-05-01 11:00:00,2.6074447077298593,124.01212961756892,8.370241172605347,1
2023-05-01 12:00:00,3.1583487980232703,60.87840184373362,3.9532763505408863,0
2023-05-01 13:00:00,2.7533800552224306,62.942797706044864,5.0110123970538485,0
2023-05-01 14:00:00,4.084156492608717,42.42901808740478,5.038597946288524,0
2023-05-01 15:00:00,1.7855327804353247,67.09090197541201,4.575842887688863,0
2023-05-01 16:00:00,3.99588325749606,71.40664035845913,5.496094352332308,0
2023-05-01 17:00:00,2.9763852961538646,80.84345520226307,2.0463907191034325,0
2023-05-01 18:00:00,3.6788121594321948,63.488007360156026,4.548583773370449,0
2023-05-01 19:00:00,2.810385681631886,63.54841034815777,1.8538377854783938,0
2023-05-01 20:00:00,2.4102581289636476,61.18673954407387,0.8019876593137649,0
2023-05-01 21:00:00,3.1803356723414637,65.9984661989538,6.731830894954664,0
2023-05-01 22:00:00,3.167070224013439,68.05121961249553,5.9128181640548405,0
2023-05-01 23:00:00,2.945332704408105,49.93995539885579,4.371449521840194,0
2023-05-02 00:00:00,2.8815252394624693,65.71879515304886,1.3221786680095886,0
2023-05-02 01:00:00,3.0609025621672696,61.00508653473188,2.1051909945734946,0
2023-05-02 02:00:00,1.7536636857013206,65.92605284191866,2.221448410484622,0
2023-05-02 03:00:00,0.7839980151162063,73.42065147444997,1.3117594354125073,0
2023-05-02 04:00:00,2.972435819618469,72.08365313230948,4.413473216280859,0
2023-05-02 05:00:00,2.4036554408560726,71.97599466095262,5.827027467899564,0
2023-05-02 06:00:00,2.6247906970906056,60.308960376619865,2.5025769001608893,0
2023-05-02 07:00:00,3.4671665135521557,59.83110302288754,3.80631586664137,0
2023-05-02 08:00:00,2.88634698319135,58.51942264085317,5.060968179169332,0
2023-05-02 09:00:00,3.2415139858138473,53.8252105813725,1.3078222656858047,0
2023-05-02 10:00:00,1.2673169958341548,73.10953453237028,4.907828605854194,0
2023-05-02 11:00:00,1.0422116936311072,58.939043736805075,4.394913671135054,0
2023-05-02 12:00:00,1.9895485270777182,64.83679941157514,4.235912960677995,0
2023-05-02 13:00:00,2.243901255679954,76.89055097699426,3.8717058513079623,0
2023-05-02 14:00:00,3.27803546614458,84.09019860873696,3.6936310519810807,0
2023-05-02 15:00:00,1.7022058287546247,77.33107175212177,2.1216486471066753,0
2023-05-02 16:00:00,2.550877862319634,54.38988336259544,5.459370083096017,0
2023-05-02 17:00:00,2.5707662986619613,57.59903493756203,4.154049767732985,0
2023-05-02 18:00:00,3.9577534653944317,77.66948673546753,2.435396851921761,0
2023-05-02 19:00:00,2.0999330892858508,43.15793291133488,4.217269943743032,0
2023-05-02 20:00:00,2.116068022397666,70.16912242589612,6.313793340550889,0
2023-05-02 21:00:00,1.60794064909636,73.93153203317304,6.199069375548776,0
2023-05-02 22:00:00,0.5853908396891057,58.11950792304427,2.0927889298789553,0
2023-05-02 23:00:00,2.69984947991892,58.148122908245604,5.087998211985387,0
2023-05-03 00:00:00,1.8896969433790314,66.83948922747197,3.2841883143573947,0
2023-05-03 01:00:00,0.9786972148148341,71.57949335274952,5.7248833174431955,0
2023-05-03 02:00:00,3.3172753142507823,70.94121617119126,4.342735349313538,0
2023-05-03 03:00:00,3.189088605058381,81.20577722760348,5.238916287718626,1
2023-05-03 04:00:00,2.241926306531422,77.98434336657738,3.4745724536701177,0
2023-05-03 05:00:00,2.143432304355996,68.21046312165676,4.057834347244347,0
2023-05-03 06:00:00,3.150142752760456,63.47747863504992,3.9826694173812283,0
2023-05-03 07:00:00,1.6978714141615079,56.891938917740845,4.696422510287678,0
2023-05-03 08:00:00,3.450868948246554,60.78061336514804,2.380381184358341,0
2023-05-03 09:00:00,3.77730411391239,82.47285927252325,6.227076420662258,1
2023-05-03 10:00:00,2.647087101118033,74.18021364766484,5.621408321832517,0
2023-05-03 11:00:00,3.34673126307906,73.64959416925755,3.975548314422889,1
2023-05-03 12:00:00,2.461153769594118,51.86146546510063,4.213160131795552,0
2023-05-03 13:00:00,2.683984801065748,67.4300902289432,5.4164663825872275,0
2023-05-03 14:00:00,1.8224218408001274,73.37620225772677,3.7714352218333245,0
2023-05-03 15:00:00,2.240677521313907,60.410747093723984,2.764497117071463,0
2023-05-03 16:00:00,2.4901378674914776,61.63046015857904,2.3734419471458494,0
2023-05-03 17:00:00,1.3864933530077332,51.91462024496701,1.0616872676249245,0
2023-05-03 18:00:00,2.9988215278551036,52.91957736425286,4.264275849317591,0
2023-05-03 19:00:00,3.0858431760003118,61.23061721568959,3.344136260958849,0
2023-05-03 20:00:00,1.4491927012361756,68.24182761094202,4.886654124078554,0
2023-05-03 21:00:00,1.659662476325967,52.34597977571418,4.640185036477362,0
2023-05-03 22:00:00,1.6947618767001476,72.34226480760178,3.4263450723060993,0
2023-05-03 23:00:00,2.8406115548721917,68.59278531927094,4.168813558057239,0
2023-05-04 00:00:00,3.7076023123619137,77.91346762432565,6.143954974180797,0
2023-05-04 01:00:00,2.338580879849433,67.19257998010274,4.9990457205521945,0
2023-05-04 02:00:00,1.858846376838963,74.28656977651906,3.5489009566806975,1
2023-05-04 03:00:00,1.7780308004297463,69.4179481600898,3.8835745364146437,0
2023-05-04 04:00:00,2.2022318412100566,66.1700503644631,1.5596941250600622,0
2023-05-04 05:00:00,2.154466117295168,69.86662784947343,3.5523159007809513,0
2023-05-04 06:00:00,2.7805094628750355,55.73442863514038,4.532402275411613,0
2023-05-04 07:00:00,2.0450099014926444,80.07837127669724,4.451122618014694,0
2023-05-04 08:00:00,2.6566846316899997,80.41675884390584,2.8830280523295615,0
2023-05-04 09:00:00,3.4323031728386146,66.55792027074217,4.777129189216432,0
2023-05-04 10:00:00,2.552760522744082,66.8479546561119,2.6856676866563713,0
2023-05-04 11:00:00,2.2390686995881195,66.57367494621727,4.5665157760279875,0
2023-05-04 12:00:00,2.06669618576394,74.54760734219876,5.828423829931522,0
2023-05-04 13:00:00,1.2540331752896394,53.169390503936896,3.133226887194495,0
2023-05-04 14:00:00,2.5878520427830614,63.02700575708195,5.918344775890414,0
2023-05-04 15:00:00,1.4249126876486748,76.26613950276557,6.167250943939308,0
2023-05-04 16:00:00,2.6550563738127795,63.69249018460289,5.194360989583393,0
2023-05-04 17:00:00,1.7654868532338166,58.819928086680335,3.5688416760715405,1
2023-05-04 18:00:00,2.3478091397552756,52.518326964147874,5.084152666248503,0
2023-05-04 19:00:00,2.133621605345632,74.87790072425827,5.951252828258324,0
2023-05-04 20:00:00,3.2468193894913693,52.96795066969797,2.794666420167374,0
2023-05-04 21:00:00,1.9047532059263064,57.162594288280765,5.278034417712921,0
2023-05-04 22:00:00,3.4487156525288283,72.71479310277148,3.465481958016346,0
2023-05-04 23:00:00,2.879003528008675,50.124785761932124,6.12281122097777,1
2023-05-05 00:00:00,2.8545375240095137,67.55895685819819,5.146666092695153,0
2023-05-05 01:00:00,1.7514412994022628,61.031907022964425,2.931776844548902,0
2023-05-05 02:00:00,0.8826438289213552,69.51184844912252,4.969364564712009,0
2023-05-05 03:00:00,3.4245764611163825,60.86588699483518,5.567155245415441,0
2023-05-05 04:00:00,3.0001665559494004,52.659563625903026,3.9726049627728233,0
2023-05-05 05:00:00,1.7781279161849652,54.99356815605909,2.5959362847675473,0
2023-05-05 06:00:00,1.82942342200037,54.25265901226482,3.2976102808058476,0
2023-05-05 07:00:00,2.077110782875605,66.82080079698311,3.391146680862459,0
2023-05-05 08:00:00,0.4102881488837222,52.55355952076029,4.213572257104226,0
2023-05-05 09:00:00,1.226070288876571,78.16166296006546,2.3878386280736548,0
2023-05-05 10:00:00,3.448711731665385,65.54679625245002,4.231846187148421,0
2023-05-05 11:00:00,3.2980907660731926,56.51739728623912,7.667729153364945,0
2023-05-05 12:00:00,2.228423187817489,73.77560287961833,6.086434883777028,0
2023-05-05 13:00:00,2.1778664310765077,53.446829312010216,5.689332940695039,0
2023-05-05 14:00:00,3.1535394522655693,48.36143814135262,6.024063663645897,0
2023-05-05 15:00:00,2.851296487062938,62.78126200100582,4.015212673084304,1
2023-05-05 16:00:00,2.6540452016946525,72.77284165488265,3.9977698450130217,0
2023-05-05 17:00:00,2.5824070258360132,84.75748386273527,5.289314839658119,0
2023-05-05 18:00:00,3.368025643483422,70.05173945979413,4.2864677913942355,0
2023-05-05 19:00:00,2.2182320122888726,61.05511474428414,4.7493631606569435,0
2023-05-05 20:00:00,2.359384145490124,55.314493649268165,3.442160808010664,0
2023-05-05 21:00:00,4.220472943362426,83.41140746357402,5.114539253773351,0
2023-05-05 22:00:00,2.4038151539092203,73.78745393672459,1.3106362206906175,0
2023-05-05 23:00:00,2.095210060537559,63.6672336852125,4.15543945274321,0
2023-05-06 00:00:00,4.297587234235186,53.49045071859298,2.7720839504640304,0
2023-05-06 01:00:00,2.595234231083737,71.44965711891628,4.755884572799907,0
2023-05-06 02:00:00,2.0217823367472927,73.05620757254071,3.979149295115999,0
2023-05-06 03:00:00,1.5539270449176863,47.83846791465464,4.844050274952888,1
2023-05-06 04:00:00,2.7586298830808955,70.86231526294293,5.458080510568893,0
2023-05-06 05:00:00,2.7855618112336007,60.10255688664076,4.657740601816774,1
2023-05-06 06:00:00,2.29014433367933,44.91686908550068,4.528819463674389,0
2023-05-06 07:00:00,1.8204081386250404,83.75593272787489,0.9955734808634764,0
2023-05-06 08:00:00,2.2160357111781703,48.68048141110815,2.854861001075972,0
2023-05-06 09:00:00,2.207334857848942,74.18357338937332,1.6187482148781243,0
2023-05-06 10:00:00,1.2243759586825465,67.51160922287262,6.014847826511975,0
2023-05-06 11:00:00,2.786230050222118,54.10309482826048,4.627679579963913,0
2023-05-06 12:00:00,2.4469996912670027,62.49750440460938,3.8211432588435295,0
2023-05-06 13:00:00,4.1281230860732725,63.80129191009082,4.971660311899909,0
2023-05-06 14:00:00,2.7357123697718606,68.95331626889144,3.8077607374547524,0
2023-05-06 15:00:00,2.7375713589274024,71.05267408534547,1.7324780070331616,0
2023-05-06 16:00:00,2.8394863751233728,49.65989197961101,5.346842737173031,0
2023-05-06 17:00:00,3.2666637308863296,51.70373640904007,4.455310939930238,0
2023-05-06 18:00:00,2.3231917671365894,76.60763265343701,2.4889983736982337,0
2023-05-06 19:00:00,3.2311482227772323,79.34967469653783,5.14958861013425,0
2023-05-06 20:00:00,2.5688928155453374,54.80834779466732,3.875394378200715,1
2023-05-06 21:00:00,3.072506682194075,61.823332002016414,4.570781849659773,0
2023-05-06 22:00:00,1.916563197691445,60.73363542947201,6.942982548181213,0
2023-05-06 23:00:00,2.681348890511971,57.08603791143099,2.5034380166560872,0
2023-05-07 00:00:00,3.504155060083864,62.65438364721288,2.401967567063525,0
2023-05-07 01:00:00,3.569151420679256,87.30456741480198,3.257726639452846,0
2023-05-07 02:00:00,2.725863665903958,61.40136978257679,7.150476009522933,0
2023-05-07 03:00:00,3.1648788135101875,62.87294712313348,3.351457033882384,0
2023-05-07 04:00:00,2.345798021319961,59.84231002510449,5.420919459230916,0
2023-05-07 05:00:00,4.203537040801429,58.302455639922975,3.3840191569507203,0
2023-05-07 06:00:00,2.4831514431557338,57.16503138032718,5.024054429222972,0
2023-05-07 07:00:00,2.0273956433009817,47.08516862059665,-0.06544086337559207,0
2023-05-07 08:00:00,1.108127517812995,63.31040389428022,5.68970438523283,1
2023-05-07 09:00:00,1.372510587699984,67.61677055346735,3.761868845920189,0
2023-05-07 10:00:00,2.844506860778137,56.393658883673375,5.635930554315719,0
2023-05-07 11:00:00,1.3518756805035366,66.45779699770117,3.890491201864257,0
2023-05-07 12:00:00,2.9807478134053538,62.54717952347806,3.4962681493239534,1
2023-05-07 13:00:00,3.827096468678607,71.54670982408919,5.761603742285162,0
2023-05-07 14:00:00,1.626934456519149,57.26800222235052,2.454355784679803,0
2023-05-07 15:00:00,2.8506495297729844,54.25553318784277,5.633852725543116,0
2023-05-07 16:00:00,3.218241894715625,68.15949959972005,5.192136275518833,0
2023-05-07 17:00:00,3.1596231483335284,80.95460981377828,4.067531561578337,0
2023-05-07 18:00:00,2.3670621437286763,62.600225924489706,3.9135055656535975,0
2023-05-07 19:00:00,1.8470392619082052,107.1186657065708,3.0243437315391306,1
2023-05-07 20:00:00,4.148766764245392,65.49407372490334,3.7909997962198285,0
2023-05-07 21:00:00,2.450823973181117,52.83125939374381,1.963877775274443,0
2023-05-07 22:00:00,1.9241207734076076,49.00440907226724,3.8628301733043457,0
2023-05-07 23:00:00,3.329289584321631,77.46433348063661,4.004712451901292,1
2023-05-08 00:00:00,2.6914423206082065,62.341930211263616,4.563256428166022,0
2023-05-08 01:00:00,4.007188449611815,67.27261405297655,4.206916516572799,0
2023-05-08 02:00:00,1.6634557729290442,63.712499715903995,4.541264984180272,0
2023-05-08 03:00:00,2.5665208431616517,67.06683474867377,0.5991570617050908,0
2023-05-08 04:00:00,2.5439122017309725,77.18624888551021,2.5585411546702486,0
2023-05-08 05:00:00,2.0359690809228503,55.81516625362863,1.6199736304739494,0
2023-05-08 06:00:00,2.438989742000374,76.88957340956497,5.428884887744648,0
2023-05-08 07:00:00,3.4021648929607116,57.11642699338617,5.672822157560102,0
2023-05-08 08:00:00,1.1574545669855505,67.20237588256141,6.329578621212525,0
2023-05-08 09:00:00,2.512101172879665,52.41965895360012,7.0657767910670986,0
2023-05-08 10:00:00,2.409373064825088,54.296889082029296,4.088834440376461,0
2023-05-08 11:00:00,2.0216524484992795,58.487804544556774,5.395080494844908,0
2023-05-08 12:00:00,3.4914951491163717,75.66801783548259,4.768375579460467,0
2023-05-08 13:00:00,2.550920310720623,63.79063259345081,3.8240510868854916,0
2023-05-08 14:00:00,2.858002470796187,70.2396840870077,2.0380361833250973,0
2023-05-08 15:00:00,2.252404071101309,48.53365853144946,6.912391208459145,0
2023-05-08 16:00:00,3.291797731003324,63.72241455057803,2.3169066160787803,0
2023-05-08 17:00:00,2.4483811483348674,73.96846182838807,3.6639886014383163,0
2023-05-08 18:00:00,3.5940906184669936,73.77796403339424,5.847414115370576,0
2023-05-08 19:00:00,2.7990374326346785,66.32728714052465,4.2069982258761085,0
2023-05-08 20:00:00,1.5891396709524237,65.78868867895926,5.842599378893633,0
2023-05-08 21:00:00,2.5547384177758947,71.69957663775523,3.7284776519732015,1
2023-05-08 22:00:00,2.9947244677958587,67.6518263354648,4.427640463758985,0
2023-05-08 23:00:00,4.252714698862688,51.06934051382473,3.5967108725348975,0
2023-05-09 00:00:00,2.996585668236116,84.53712900511346,2.7155884480612418,0
2023-05-09 01:00:00,2.3815125092580653,58.21317628037866,1.8744118592593733,0
2023-05-09 02:00:00,1.4816062012841966,51.779831108185085,0.4937434286855211,0
2023-05-09 03:00:00,1.6275025566105157,72.59508627658263,4.511065112061284,0
2023-05-09 04:00:00,1.7362999258932201,71.71094614508523,2.7332135337297268,0
2023-05-09 05:00:00,2.7672126796303633,70.48760460494054,3.2425973833965003,0
2023-05-09 06:00:00,2.2318252649432835,47.30212630596961,1.4886371048826414,0
2023-05-09 07:00:00,3.8205951065546664,56.70692767341933,5.624139052198454,0
2023-05-09 08:00:00,2.698848546974698,66.87035104904282,4.867755096214037,1
2023-05-09 09:00:00,2.0945082944708915,65.68528383696854,5.534692462815302,0
2023-05-09 10:00:00,2.8903279805814837,42.93878966525662,4.348481459260605,0
2023-05-09 11:00:00,2.812632615168927,63.39789698165388,3.908106388077233,0
2023-05-09 12:00:00,3.864736091789604,65.55964219548342,5.061834115272683,0
2023-05-09 13:00:00,2.875140643371631,60.25854819289007,6.646819411000673,0
2023-05-09 14:00:00,0.9065958802807907,70.96185125923827,4.027521207373108,0
2023-05-09 15:00:00,3.480590585689341,70.72971711674178,2.4361738461663918,0
2023-05-09 16:00:00,2.6422306265821742,63.860839977829755,3.0423928734669494,0
2023-05-09 17:00:00,1.5706616956849166,83.93889298582913,6.1103645412877166,0
2023-05-09 18:00:00,2.8924857822431145,80.25303804212784,3.231231391767835,0
2023-05-09 19:00:00,3.2213453369399194,61.40193924909816,2.7099118444225887,0
2023-05-09 20:00:00,3.002215910229289,43.17819327848566,4.869034754929011,0
2023-05-09 21:00:00,1.5121052625641904,74.95111556642324,5.252738361860228,0
2023-05-09 22:00:00,2.9446860540083546,62.190080011645136,5.97188498609042,0
2023-05-09 23:00:00,4.772099518313569,97.52445273292108,4.145545479773287,1
2023-05-10 00:00:00,2.123997707006172,68.08706370079771,6.673736056497536,0
2023-05-10 01:00:00,3.262127543966066,55.9857107354529,4.370346490560607,0
2023-05-10 02:00:00,1.7202000116701344,68.36026696111519,3.546912615385626,0
2023-05-10 03:00:00,1.6106069568098325,68.11079146705919,3.6124287120741254,0
2023-05-10 04:00:00,1.7181998502177023,59.34224569995963,2.0492863172554014,1
2023-05-10 05:00:00,4.004059855562958,74.07310056178274,4.905558538367751,0
2023-05-10 06:00:00,2.688408345865825,81.02349690896219,5.430110198935262,0
2023-05-10 07:00:00,1.8525291593000652,56.50687220147197,3.9512642214507885,0
2023-05-10 08:00:00,2.4036926286512292,72.11041721133563,1.2492094053704679,0
2023-05-10 09:00:00,3.125866271067998,50.50738995946132,4.430982635553141,0
2023-05-10 10:00:00,2.2396254310481556,63.35734170985987,5.789334699394468,0
2023-05-10 11:00:00,2.2754970054052652,73.0153503241779,4.575411352683323,0
2023-05-10 12:00:00,2.868323908322937,49.787319184400744,3.169744360429154,0
2023-05-10 13:00:00,4.985159725858548,58.895781812842394,4.744093621883591,0
2023-05-10 14:00:00,2.971391065071682,73.20261413570346,5.0638490444203255,1
2023-05-10 15:00:00,2.742841513188383,72.90510637424444,2.4439766327612915,0
2023-05-10 16:00:00,1.8024374669299212,59.46791975418976,6.417101406003866,0
2023-05-10 17:00:00,4.0388110432986775,45.916511910566996,4.900593771534366,0
2023-05-10 18:00:00,2.618482407741466,72.47124239234064,3.3822953972945493,0
2023-05-10 19:00:00,1.5196252010688482,70.42743740626626,4.5852408363404855,0
2023-05-10 20:00:00,3.385322285461845,60.806115664102876,5.023344804382867,0
2023-05-10 21:00:00,2.556812524122551,73.58902388955785,5.523906029957463,0
2023-05-10 22:00:00,2.8718868301264533,75.41028240343542,4.161213920147884,0
2023-05-10 23:00:00,2.024173548483705,88.57977686562771,3.7677889126929047,0
2023-05-11 00:00:00,2.967011541457169,57.98832339025573,5.153966277664712,0
2023-05-11 01:00:00,2.9519039330877153,79.2503992170448,4.975576437251566,0
2023-05-11 02:00:00,2.103275612886777,62.700464636185394,4.299717913309931,0
2023-05-11 03:00:00,3.432806909365312,53.828436228961394,3.8203058142014585,0
2023-05-11 04:00:00,2.2440264183113308,59.61404126022589,3.3908964010271507,0
2023-05-11 05:00:00,2.796107835358927,65.23195932689606,5.193154315007678,0
2023-05-11 06:00:00,2.62283160637493,66.08252675303088,3.813815549220325,0
2023-05-11 07:00:00,1.9402017817110648,67.21309527428048,3.5842742229031455,1
2023-05-11 08:00:00,1.9422473187931377,60.78790321317027,2.6730127280979863,0
2023-05-11 09:00:00,1.7057583944513817,37.05777129406249,5.014492013192183,0
2023-05-11 10:00:00,2.949853288663026,62.03193725929771,4.231183078542183,0
2023-05-11 11:00:00,2.121865243849273,56.42754801813727,2.3224953444815797,0
2023-05-11 12:00:00,4.18612425031876,52.636356470923026,4.113931174742738,0
2023-05-11 13:00:00,2.3042381299556984,49.8733004201263,4.77522509351556,0
2023-05-11 14:00:00,2.7430759100862705,79.91796631831647,1.2728405510792085,0
2023-05-11 15:00:00,3.2910470719626863,48.05091134172483,4.151932538342199,0
2023-05-11 16:00:00,2.7611872960818533,53.940498117790185,5.116020662451315,0
2023-05-11 17:00:00,3.9953668327413627,52.10628545335595,4.115231509953864,0
2023-05-11 18:00:00,1.3367410260491825,59.978152644629674,3.6287487936309284,0
2023-05-11 19:00:00,2.5190333413703634,69.22022613585824,3.4974387443878894,0
2023-05-11 20:00:00,2.852040607166583,59.920191571250555,3.5384580732331767,0
2023-05-11 21:00:00,2.456666067174838,65.3922220209688,3.8427502948855183,0
2023-05-11 22:00:00,3.0493768580726934,80.35188646268004,4.3334354048354715,0
2023-05-11 23:00:00,1.6006759876133576,55.769474067786135,0.6144179219511727,0
2023-05-12 00:00:00,2.7396799662756828,75.4438509900512,2.3057338136138528,0
2023-05-12 01:00:00,2.666138110293033,82.63720705617608,4.675983308546718,0
2023-05-12 02:00:00,2.198095324713652,55.43894475186384,3.5137919352098352,0
2023-05-12 03:00:00,1.6056091741478093,68.3098413355003,4.817180026000584,1
2023-05-12 04:00:00,3.586206030428654,60.38193283521377,5.078759200479387,0
2023-05-12 05:00:00,1.8631812382780617,76.35062632301921,5.174503111320831,0
2023-05-12 06:00:00,1.9218035381713174,66.35234965259426,5.201597758767883,0
2023-05-12 07:00:00,0.49466609709386233,43.958106439717454,4.737646338742457,0
2023-05-12 08:00:00,3.249661762928703,94.7672864133419,3.3264100598896342,0
2023-05-12 09:00:00,2.810952290315071,68.31506138250941,4.963967806847506,0
2023-05-12 10:00:00,2.1431481191373996,72.27691894600244,7.01402333244199,0
2023-05-12 11:00:00,1.4480028007691788,63.41750457687153,3.8213363561359723,0
2023-05-12 12:00:00,2.74002930732898,73.94330508757784,3.4949607178381865,0
2023-05-12 13:00:00,2.7248737981767888,68.38416181598586,3.6002485684235515,0
2023-05-12 14:00:00,3.120715610087377,70.32491081298924,4.520533724167005,0
2023-05-12 15:00:00,2.589512395467549,65.21962569397458,5.540657513741722,0
2023-05-12 16:00:00,2.0287076561002246,70.80637988397783,3.463952525862375,0
2023-05-12 17:00:00,1.3841274219460757,55.21625145192666,3.412704027685807,0
2023-05-12 18:00:00,4.3114547709060265,82.21481002978128,5.159903434321679,0
2023-05-12 19:00:00,1.0628059571152315,52.15358412149474,6.36409326605246,0
2023-05-12 20:00:00,2.2456932134009975,68.52725242276007,4.953829082077854,0
2023-05-12 21:00:00,2.8226319535566353,63.21699523322768,3.734164130827761,0
2023-05-12 22:00:00,2.6023741168077716,67.9941490630822,3.578806862001912,0
2023-05-12 23:00:00,2.9549730771957456,72.46834175942296,4.376058150696692,0
2023-05-13 00:00:00,1.6104191964656978,61.478815173892805,3.0280121057037226,0
2023-05-13 01:00:00,1.8323441452234985,76.94372554936042,1.619449176893681,0
2023-05-13 02:00:00,3.1269038070107262,70.94269790766081,6.833232361680896,0
2023-05-13 03:00:00,2.523302751904924,53.37735532541337,3.1089669876841364,0
2023-05-13 04:00:00,2.0962997223093667,66.2450385945082,4.2623814771505275,1
2023-05-13 05:00:00,0.9409844997190913,67.16255179520903,4.423950479459387,0
2023-05-13 06:00:00,2.426916232088355,65.1923115989529,5.44368819729649,0
2023-05-13 07:00:00,3.0740944997551094,67.65727794680822,2.983736863299867,0
2023-05-13 08:00:00,1.7685620049992576,56.76990846858512,1.5352256763072663,0
2023-05-13 09:00:00,2.5658467482129175,85.65264036917172,4.250283529564383,0
2023-05-13 10:00:00,2.2921911478896453,76.11257899384493,5.938296153428462,0
2023-05-13 11:00:00,2.20350959384481,82.2182365135892,5.4575258945010745,0
2023-05-13 12:00:00,2.790459225232007,63.38620479726855,3.4129973192367697,0
2023-05-13 13:00:00,3.019249146180448,70.47231452006697,3.0924661509041425,0
2023-05-13 14:00:00,2.5725736664088434,52.52418952428241,1.9755599125381198,0
2023-05-13 15:00:00,2.6281535978147716,66.93941821043413,6.0736387350619605,0
2023-05-13 16:00:00,1.3814693713179274,66.6837226977435,6.106771142462597,0
2023-05-13 17:00:00,1.4003829178287777,51.41590766122968,1.175646930278658,0
2023-05-13 18:00:00,2.0513470546820307,64.88876438686157,3.878760070241647,0
2023-05-13 19:00:00,3.2155095985715527,69.30799270326958,3.6092050966395277,0
2023-05-13 20:00:00,3.1753869530294585,70.2955207379146,5.311804564447942,0
2023-05-13 21:00:00,2.561802187349426,89.08765377105121,1.9145564558166859,0
2023-05-13 22:00:00,1.5074232768574127,73.32471815050566,4.175091877497618,0
2023-05-13 23:00:00,2.577913273393082,57.51039504811988,6.636174833884262,0
2023-05-14 00:00:00,1.2640399717888249,86.58031794165417,2.741507706174624,0
2023-05-14 01:00:00,2.3983779653336534,58.204515683696194,3.443354023479001,0
2023-05-14 02:00:00,0.9933742161638144,60.54532721279889,2.305234724772907,1
2023-05-14 03:00:00,1.3726691934308266,76.64189301048405,4.297019890886306,1
2023-05-14 04:00:00,1.5000455527916592,54.318783569166364,3.3983720686195023,1
2023-05-14 05:00:00,4.122890779634983,62.83454808992894,7.183654147249051,0
2023-05-14 06:00:00,3.7681307548556164,64.14122643613325,5.816049973264441,0
2023-05-14 07:00:00,1.7044675956921718,77.20395647506864,4.431865173742195,0
2023-05-14 08:00:00,2.0337474991743263,73.59812844245917,4.997430227189601,0
2023-05-14 09:00:00,2.5062172769770914,56.75272559536019,3.1131369407432024,0
2023-05-14 10:00:00,2.42645249897815,65.19028182727222,2.6400565361930584,0
2023-05-14 11:00:00,2.917319131584574,53.85163514001687,2.745018359672516,0
2023-05-14 12:00:00,3.9260636935775697,62.518061617479155,4.005931302317702,0
2023-05-14 13:00:00,2.3608866133431765,68.31051059999523,4.671395329712466,0
2023-05-14 14:00:00,3.5997412324364655,45.58277179375577,2.6590029351314985,0
2023-05-14 15:00:00,3.636642877586846,81.33473574404574,3.02735999111411,0
2023-05-14 16:00:00,2.8798989895554383,90.92441534211477,4.00975486486118,1
2023-05-14 17:00:00,1.8710487374733584,69.68366406928766,5.269483175469398,0
2023-05-14 18:00:00,1.8981789694840219,61.34759364524842,4.2548182737619875,0
2023-05-14 19:00:00,2.633387962443872,53.14607257970305,4.6207420106374295,0
2023-05-14 20:00:00,2.428227161605423,67.22228201749124,5.457790748193755,0
2023-05-14 21:00:00,3.0244799986833177,82.43727993439038,0.26018944928995014,0
2023-05-14 22:00:00,2.941803144259821,71.29267950456723,4.7003429629202556,0
2023-05-14 23:00:00,2.2656629797769874,79.71527563677502,2.5687138573212556,0
2023-05-15 00:00:00,2.3150909538272137,50.81820527181699,3.860383123770651,0
2023-05-15 01:00:00,0.24004258469322481,66.91376418379444,5.9252805796233,0
2023-05-15 02:00:00,2.0915829728270268,59.92490841023247,5.008479835855075,0
2023-05-15 03:00:00,2.2748596999705013,82.23983916730138,4.026896935291258,0
2023-05-15 04:00:00,2.7541498489237957,57.992623288185776,5.224737616827154,0
2023-05-15 05:00:00,0.7270358614591572,80.58001535949248,5.947486340655769,0
2023-05-15 06:00:00,3.105569240262476,66.7335062530704,3.6729051127675523,1
2023-05-15 07:00:00,2.4170869213284267,66.2661143425998,4.620241733874876,0
2023-05-15 08:00:00,1.3834976251598265,72.63477761429642,4.947309212714478,0
2023-05-15 09:00:00,2.9255408685528392,59.75734230476771,2.9549886212649525,1
2023-05-15 10:00:00,3.2104033080757763,42.391408563331986,2.3632256882605533,0
2023-05-15 11:00:00,1.2763986799015368,76.18102291062888,3.114095051253701,0
2023-05-15 12:00:00,2.413967135276958,50.099974682488664,6.379270198123237,0
2023-05-15 13:00:00,1.7956732896086582,49.87472031018772,2.1894731278094426,1
2023-05-15 14:00:00,2.36767708864251,77.31766790645389,3.4677925308702338,0
2023-05-15 15:00:00,2.686218257271078,82.03914800930463,5.689168271311472,0
2023-05-15 16:00:00,1.96847345720575,42.384063078920924,3.3338919904515993,0
2023-05-15 17:00:00,3.8230538672565135,77.00203283256708,3.38549475237292,0
2023-05-15 18:00:00,1.3876175528867374,78.89951854338996,5.497778159682751,0
2023-05-15 19:00:00,1.4326945110830531,64.62639523745209,5.605940114773102,0
2023-05-15 20:00:00,4.221283069514021,73.3899047716755,2.3471699590984763,0
2023-05-15 21:00:00,2.5583370098541494,73.87258147907649,6.504367024214272,0
2023-05-15 22:00:00,2.499906286278843,64.19271754238163,6.650718094606194,0
2023-05-15 23:00:00,4.249237390170311,67.80543824455594,3.7448746957004935,0
2023-05-16 00:00:00,2.482963011510695,60.746486791083775,4.8447548153541184,0
2023-05-16 01:00:00,1.7388105336853967,50.33543406451048,3.900045355572139,1
2023-05-16 02:00:00,2.6427585924165977,77.53325034431016,1.9693376193334466,0
2023-05-16 03:00:00,2.4218419954503476,50.88054379779857,5.307699023998331,0
2023-05-16 04:00:00,1.5061573584217132,73.1277109766394,6.561301354012336,0
2023-05-16 05:00:00,2.2697030634721465,62.820689388051484,3.0196526173948572,0
2023-05-16 06:00:00,2.1062186469652495,62.023842659100666,4.837491699801573,0
2023-05-16 07:00:00,1.7907715345563497,52.235626657026636,2.8207003485823647,0
2023-05-16 08:00:00,2.329562492038896,76.35568148277483,3.873949564925397,0
2023-05-16 09:00:00,2.7730724280276036,64.87142942268301,2.16727881780266,0
2023-05-16 10:00:00,2.955941160282549,65.45147472636192,3.5000180609088205,0
2023-05-16 11:00:00,2.47796048726292,76.1523638114941,4.404933026150835,0
2023-05-16 12:00:00,1.860105958974858,76.0895963950006,4.973627979829216,0
2023-05-16 13:00:00,2.000219810383858,74.66869984436016,4.385175165684372,0
2023-05-16 14:00:00,2.505777799084062,77.32475089195202,6.848637939001878,0
2023-05-16 15:00:00,2.883936093232942,61.759475415822656,3.8296191044014143,0
2023-05-16 16:00:00,2.9071699827481043,76.03941050750356,3.627102630035479,0
2023-05-16 17:00:00,3.3286889606934724,72.80917092612434,3.213577262616502,0
2023-05-16 18:00:00,2.0049723778097106,63.611750667392336,2.9965309909152387,0
2023-05-16 19:00:00,2.4512271339791,70.50018560664225,4.082614904265264,0
2023-05-16 20:00:00,3.130937340839248,54.41452366656227,2.2267281706217443,0
2023-05-16 21:00:00,1.7470440288490543,72.1705746636931,2.5814896872643294,0
2023-05-16 22:00:00,1.1138508496110118,75.9592519071362,0.7888249084446901,0
2023-05-16 23:00:00,2.9493109696308575,62.007228509480605,4.245403066482842,0
2023-05-17 00:00:00,4.005330800043727,68.5685730960578,6.706827543886624,0
2023-05-17 01:00:00,0.8545301454588403,64.16801580734297,5.361259001883891,0
2023-05-17 02:00:00,3.292628515802202,65.03405173261399,4.039816189863994,0
2023-05-17 03:00:00,2.3807047481594514,74.66104108415443,4.146279166242808,0
2023-05-17 04:00:00,2.824869580941859,88.3746626061728,5.819874843375015,0
2023-05-17 05:00:00,2.5172727164542574,51.502134188091134,5.134675594044958,0
2023-05-17 06:00:00,1.8998495533810331,56.784511840122164,3.274083711888182,0
2023-05-17 07:00:00,2.6622366353194904,56.1584454995281,5.369042793227738,0
2023-05-17 08:00:00,2.8245859964765403,68.45512071210702,2.2448160729719246,0
2023-05-17 09:00:00,2.267898593503238,60.85718685759704,3.863518347970682,0
2023-05-17 10:00:00,3.2406745059973754,89.32462925042833,7.201994241955648,0
2023-05-17 11:00:00,2.210664314937438,54.68636152017268,2.703159626027818,0
2023-05-17 12:00:00,2.7459381429792193,53.17463155640958,2.4396466018716265,0
2023-05-17 13:00:00,2.7632100704416858,53.03765542194124,3.276697317695427,0
2023-05-17 14:00:00,2.247569213189597,64.85762009505551,4.269122266961052,0
2023-05-17 15:00:00,1.6129050927150774,63.025930855414785,4.906132892016379,0
2023-05-17 16:00:00,1.8064011851038315,61.28496230980827,3.7712273271494254,0
2023-05-17 17:00:00,1.625147751179715,75.04200612472158,4.293252951262113,0
2023-05-17 18:00:00,1.77608330685063,54.23864871739973,3.5604090825625914,0
2023-05-17 19:00:00,2.296089839389629,52.74645742457924,4.43883403525328,0
2023-05-17 20:00:00,2.2879662582362372,56.839229402374386,6.124271491741247,1
2023-05-17 21:00:00,2.4865784316288395,66.61778076076969,3.622860099822601,0
2023-05-17 22:00:00,1.302414741484788,63.063088132992775,2.5882719432934715,0
2023-05-17 23:00:00,1.517438869318215,65.89692727705065,4.137716757696907,0
2023-05-18 00:00:00,3.1216561459292334,59.61675380560735,3.4944624327549025,0
2023-05-18 01:00:00,3.867409320444591,67.48945279537763,3.262681794529581,0
2023-05-18 02:00:00,2.8045757529675983,59.25407622906623,5.33494880169517,0
2023-05-18 03:00:00,2.1390849189205254,73.5366391475486,4.4695617201381905,0
2023-05-18 04:00:00,2.8573261920033004,54.719965607737535,4.125284194952329,0
2023-05-18 05:00:00,2.431646544232615,60.674003493768595,5.014752603644952,0
2023-05-18 06:00:00,2.790678934358964,60.75077632488729,3.4694230331987876,0
2023-05-18 07:00:00,1.8776371996752883,50.482983097080236,5.2123007892210955,0
2023-05-18 08:00:00,2.6733151636567567,73.731536875314,2.150945854403207,0
2023-05-18 09:00:00,3.445260214821288,84.85200405409927,2.7789644719884024,0
2023-05-18 10:00:00,1.955588911608222,56.3484604489709,3.3501513082881598,0
2023-05-18 11:00:00,2.411539247795149,54.78551091857848,3.5179125906664432,1
2023-05-18 12:00:00,1.6614470713332659,49.23328547264926,3.383495479087275,0
2023-05-18 13:00:00,2.4333013293058774,61.83139712944319,5.158314213224227,0
2023-05-18 14:00:00,3.2681647699199696,74.13646356105373,5.357925043828748,0
2023-05-18 15:00:00,3.6501577504582543,56.71594146189897,2.956906771171515,0
2023-05-18 16:00:00,3.26115854895398,56.50071092575078,4.563718355050416,0
2023-05-18 17:00:00,2.6433456348190285,61.83426484595223,3.3260484878471037,0
2023-05-18 18:00:00,2.103855901662723,68.52146251896932,4.150092465207439,0
2023-05-18 19:00:00,1.8122443883174029,52.3261876718966,1.2773887733613902,0
2023-05-18 20:00:00,3.7954420693738538,64.5772130850239,3.077847594838616,0
2023-05-18 21:00:00,3.5517093117187732,73.41242204445986,5.9608791389715154,0
2023-05-18 22:00:00,1.5535808447909094,48.93952263540313,3.018623212303828,0
2023-05-18 23:00:00,2.9112372492152145,48.760401370970214,5.5289210541451785,0
2023-05-19 00:00:00,2.289179328063356,71.25543185621046,4.651146709642405,0
2023-05-19 01:00:00,2.7818569055005398,63.566467984546705,4.606428577768043,0
2023-05-19 02:00:00,3.375430671243289,59.1718250611683,5.198326183510044,0
2023-05-19 03:00:00,2.5591728376979166,63.52259235837021,5.743145559568916,0
2023-05-19 04:00:00,1.7046006156717044,67.98307318693564,3.345166410675507,0
2023-05-19 05:00:00,2.3087406075915844,64.6687802788711,4.917542861793701,0
2023-05-19 06:00:00,2.294388359157416,78.71615378700025,2.0096291761226945,0
2023-05-19 07:00:00,3.1566101802619446,64.77118458970345,1.771261705085418,1
2023-05-19 08:00:00,1.5373051385990242,70.88044492084109,4.381909902577128,0
2023-05-19 09:00:00,2.0695274885940886,56.66082351567711,2.1213430777432682,0
2023-05-19 10:00:00,1.8435961351401344,73.69224443025273,0.8209848312008097,0
2023-05-19 11:00:00,2.3942524537267293,55.98265580186755,2.1353451192092914,0
2023-05-19 12:00:00,1.1577250018952214,77.04100690089456,3.8630892333757583,0
2023-05-19 13:00:00,2.751259356137477,43.4417640808454,4.886191172581874,0
2023-05-19 14:00:00,2.349670628437243,52.75626140792574,3.169796197955235,0
2023-05-19 15:00:00,2.252512739441169,81.3705140462878,1.8737666793550476,0
2023-05-19 16:00:00,0.24239777804588547,58.14630781247276,3.2218359303402266,0
2023-05-19 17:00:00,4.616608590961875,48.60933433732974,3.271946731400696,0
2023-05-19 18:00:00,3.248622234424122,45.44870825276351,4.548576251494318,0
2023-05-19 19:00:00,2.325577027071355,59.49748266229208,1.0752781096416122,0
2023-05-19 20:00:00,2.077335361038553,61.01144360919293,1.837888233896308,0
2023-05-19 21:00:00,2.1121815220531093,51.08894948134952,3.5537428502113766,0
2023-05-19 22:00:00,3.2736127825455035,57.93684982209975,4.803298539875356,0
2023-05-19 23:00:00,2.6778268980957143,55.17804546694329,4.304273203881699,0
2023-05-20 00:00:00,2.9012242799755934,58.0690996995116,4.449463272026794,0
2023-05-20 01:00:00,2.07646518278475,50.176835236584616,6.7719484036159985,0
2023-05-20 02:00:00,2.0281878334206613,62.929176537275985,3.7140857413558424,0
2023-05-20 03:00:00,1.802503897202163,80.9213096218543,4.109802652062177,0
2023-05-20 04:00:00,2.1663579366738026,51.701526218453836,2.2825273955085748,1
2023-05-20 05:00:00,4.138795843632981,50.44277902385219,5.994601138850857,0
2023-05-20 06:00:00,2.892854025687792,72.93391497005362,3.718012886998384,0
2023-05-20 07:00:00,3.1445245553979704,54.68796349007533,6.419915035776583,0
2023-05-20 08:00:00,3.972439315920372,57.618294840865246,3.028183785512767,0
2023-05-20 09:00:00,2.563977049171651,84.67364805987081,5.037214513104232,0
2023-05-20 10:00:00,1.8083996747522093,51.732970262445725,3.199396896516307,0
2023-05-20 11:00:00,1.5758076228755944,72.29385008824278,0.7499145217931575,0
2023-05-20 12:00:00,3.3018170505192823,75.44820066210076,3.7236360766232974,0
2023-05-20 13:00:00,3.5164849661434703,68.50375695245044,5.668750496172198,0
2023-05-20 14:00:00,1.6775197361240832,64.15954836476013,1.7548214545810366,0
2023-05-20 15:00:00,1.5525112602578899,54.85980325446279,7.232796134827543,1
2023-05-20 16:00:00,2.711419388622205,74.02426541658475,4.306609806126622,0
2023-05-20 17:00:00,4.00672626397454,67.12152669683165,3.7612407839764352,0
2023-05-20 18:00:00,2.6525306579152224,66.69071644383398,5.613873082126999,0
2023-05-20 19:00:00,2.5659967616802914,67.39265932287836,5.000704767860331,1
2023-05-20 20:00:00,1.566661195015977,54.511382812661154,3.3484045331180132,0
2023-05-20 21:00:00,2.4614650155589484,45.0132222763832,4.288158908647943,0
2023-05-20 22:00:00,3.490714312610449,56.785381967779365,3.307449606564634,0
2023-05-20 23:00:00,1.8647379362856529,59.53429194193049,2.4544504040236497,0
2023-05-21 00:00:00,2.556287618879233,55.92304732956429,3.244502833990417,0
2023-05-21 01:00:00,2.7109556430327713,62.712427147590034,4.3261482638461075,0
2023-05-21 02:00:00,2.8159725154339066,59.19748795730225,0.46745492185429693,0
2023-05-21 03:00:00,2.834011865758699,57.277927432916854,3.6300965483312493,1
2023-05-21 04:00:00,2.8372572927761386,67.05849320476881,3.8194153101928037,0
2023-05-21 05:00:00,1.7014964901703515,61.4674531136064,4.961031391145495,0
2023-05-21 06:00:00,2.8816200030055397,65.34242811244756,6.245666844807758,0
2023-05-21 07:00:00,2.897275012991135,55.192431856259255,3.1285825613230624,0
2023-05-21 08:00:00,3.3575823332652046,55.526782570275316,3.379423384933779,0
2023-05-21 09:00:00,2.245721659736641,86.01791442449714,4.346931980099156,0
2023-05-21 10:00:00,3.883677666279066,52.492527370303776,4.095374174450533,0
2023-05-21 11:00:00,2.839053102086399,68.17026155348215,2.4875061917287744,0
2023-05-21 12:00:00,2.168470631446707,64.40980051950149,5.5569687437775945,0
2023-05-21 13:00:00,2.9854962263941296,85.17711384191483,3.9001193770140086,0
2023-05-21 14:00:00,1.9864645248388868,72.67167831189798,4.747449764245752,0
2023-05-21 15:00:00,2.171561502119029,72.57233611311158,2.268877241384582,0
2023-05-21 16:00:00,1.4965101744824505,52.63703690622722,3.8475641350615666,0
2023-05-21 17:00:00,2.8362889139162126,63.702029191386806,3.071005690478833,0
2023-05-21 18:00:00,3.2072002954451686,61.962896894608555,4.800260358207777,0
2023-05-21 19:00:00,2.182036707147663,74.88902174521832,4.448765097509409,0
2023-05-21 20:00:00,2.1795269395698518,72.53323814015366,5.971065935580619,0
2023-05-21 21:00:00,2.549102021819651,59.32777363805255,3.959652538571245,0
2023-05-21 22:00:00,2.401341943909399,58.915095145423905,2.6906333575867354,0
2023-05-21 23:00:00,0.9601961041975673,77.71972190729615,3.1888766114057296,0
2023-05-22 00:00:00,3.0405038370079414,67.41537972632608,3.1311516607065215,0
2023-05-22 01:00:00,2.9954674587420147,75.06955280855087,2.91251559170889,0
2023-05-22 02:00:00,1.8522755727420819,77.776470629327,4.908578065844379,0
2023-05-22 03:00:00,3.439434706567145,58.35899993083143,4.620571915167413,0
2023-05-22 04:00:00,1.9680720939110996,60.82811338093914,7.803696524847514,0
2023-05-22 05:00:00,2.582074925653632,83.30110111714065,3.1604227852270554,0
2023-05-22 06:00:00,3.1522834132651116,46.3375595424463,6.147415124905974,0
2023-05-22 07:00:00,1.452387679178451,78.27132101550683,3.9265332152568866,0
2023-05-22 08:00:00,1.9933924144192119,66.23812010464367,3.731648355039489,0
2023-05-22 09:00:00,1.493981743015896,73.5964314331791,3.766166064149897,0
2023-05-22 10:00:00,2.8053417068783526,70.90132701770828,3.84272394503811,0
2023-05-22 11:00:00,3.273078688682883,50.400822992260316,4.045767371218168,0
2023-05-22 12:00:00,2.1117619597331565,69.0359771870531,3.039105619732979,0
2023-05-22 13:00:00,1.558175233852435,68.91716990419194,2.7777515534460915,0
2023-05-22 14:00:00,2.4076246547012192,68.01728122931756,3.9756325206607026,0
2023-05-22 15:00:00,2.7083138620957117,54.011853871825416,4.299909181441613,1
2023-05-22 16:00:00,3.677937509946699,51.659598049914905,6.57618196032322,0
2023-05-22 17:00:00,3.051186867884182,55.538806878736025,4.1182883712329925,0
2023-05-22 18:00:00,3.5722123732398794,50.919233803975054,1.4294076712478443,0
2023-05-22 19:00:00,2.2958682342436005,59.30863871478459,3.7111222456885433,0
2023-05-22 20:00:00,2.719625076100833,54.780464230023085,4.28380899024456,0
2023-05-22 21:00:00,2.0130145880033785,76.025981771022,1.5027964676943721,0
2023-05-22 22:00:00,2.1186558706976206,58.229295491188495,4.770862675748319,0
2023-05-22 23:00:00,3.0797390486626206,64.30879348824006,5.228073373187515,0
2023-05-23 00:00:00,2.7080544581724673,70.92115776945668,3.616880312408912,0
2023-05-23 01:00:00,2.369464769194784,71.80774411335383,3.64295417892369,0
2023-05-23 02:00:00,2.957483988246908,60.45869940820535,6.888540897974711,0
2023-05-23 03:00:00,2.9802655790989117,60.015859791714796,4.117235140656419,0
2023-05-23 04:00:00,2.2740187919176598,69.01298327175157,4.280571101004274,0
2023-05-23 05:00:00,3.155864410098361,69.54715565108448,3.9020547902360327,0
2023-05-23 06:00:00,2.921983619042317,52.56145360295405,5.006546982356412,0
2023-05-23 07:00:00,2.2117596523246426,53.371880185582384,4.766041209653893,0
2023-05-23 08:00:00,3.7245339834917095,57.39726408474826,7.749902109628197,0
2023-05-23 09:00:00,2.213949494759367,63.14827080362621,4.209342617717005,0
2023-05-23 10:00:00,1.8539182088030355,71.64389390583253,2.3020606350525368,1
2023-05-23 11:00:00,3.178758314649826,61.902365647865764,6.561476716433764,0
2023-05-23 12:00:00,3.150209683720367,78.38977884580495,3.612265613279059,1
2023-05-23 13:00:00,2.836495431102784,62.36039883020959,0.23880721435071184,0
2023-05-23 14:00:00,2.8020154754254345,74.38516710626735,2.3174644028843416,0
2023-05-23 15:00:00,2.305743624172135,71.75351355159864,5.779303567644391,0
2023-05-23 16:00:00,2.0125208639553054,65.84327089901582,3.054312316654966,0
2023-05-23 17:00:00,2.608566876266562,72.30905644719718,5.742256030136865,0
2023-05-23 18:00:00,4.02484707417468,60.38647393255229,6.1932579590454,0
2023-05-23 19:00:00,2.0455518112713635,59.28591566044454,1.8514572124585764,0
2023-05-23 20:00:00,2.4741025194234805,52.565534676537645,3.9726417618265244,0
2023-05-23 21:00:00,1.5415078209876127,83.10849734194679,3.2070508436888754,0
2023-05-23 22:00:00,2.566322238874253,69.50418270511688,3.790215310657293,0
2023-05-23 23:00:00,1.8109268420732494,64.09827678557771,3.3838707300626645,0
2023-05-24 00:00:00,2.839679735881404,81.53415915856772,2.3607016812608306,0
2023-05-24 01:00:00,2.956680526425263,65.492773789855,3.554479137220518,0
2023-05-24 02:00:00,2.012436113127123,74.50946429178406,5.783902566969806,0
2023-05-24 03:00:00,1.4465899387166357,61.35524141296261,3.631385787660104,1
2023-05-24 04:00:00,2.012033213373687,44.966327106633884,4.816800391147768,0
2023-05-24 05:00:00,3.5796851901173605,46.87382629112595,2.9828998199203793,0
2023-05-24 06:00:00,1.8604337029148845,70.01412802456117,3.1344426957303844,0
2023-05-24 07:00:00,3.4596043869113147,68.39670942511118,4.102638387040418,1
2023-05-24 08:00:00,2.7180043039309907,64.12025072777313,4.093697026651923,0
2023-05-24 09:00:00,4.0737395371238545,64.89919742107254,5.917460469367171,0
2023-05-24 10:00:00,2.1636086351769754,68.13240914577631,4.469668309812702,0
2023-05-24 11:00:00,1.9144644584427368,70.71647296125371,3.0418382064738365,0
2023-05-24 12:00:00,3.6584768733935684,47.9077204918175,0.3264135482562387,0
2023-05-24 13:00:00,0.8715342555253596,60.777112258306936,4.072419495066354,1
2023-05-24 14:00:00,6.274832668434574,131.59529301355371,8.685918241967649,1
2023-05-24 15:00:00,1.7999555593299297,68.85024316788643,3.909243868294333,1
2023-05-24 16:00:00,2.1466767682135237,76.8231855182252,3.56664640672426,0
2023-05-24 17:00:00,2.490565973235197,45.3438885219857,5.975790911075766,0
2023-05-24 18:00:00,1.9795816695609543,66.2366791413107,2.2622865745186176,0
2023-05-24 19:00:00,2.503328987758552,57.27962582931115,1.9932445024881202,0
2023-05-24 20:00:00,2.488963849707492,72.29469174376042,3.956843239604598,0
2023-05-24 21:00:00,2.236956536481574,58.08372246573948,3.8214929010889898,0
2023-05-24 22:00:00,1.5607762086020207,63.838541662984916,4.336231586681075,0
2023-05-24 23:00:00,2.127399601252231,75.43780503739464,3.2983394281984646,0
2023-05-25 00:00:00,3.1980512738588915,58.370693498195685,4.101973033858393,0
2023-05-25 01:00:00,2.2297307306303544,62.83167865090734,7.963530206590244,0
2023-05-25 02:00:00,2.2329369004820565,74.22294777232321,3.8262309564680836,0
2023-05-25 03:00:00,1.968499600102926,47.12377602301248,4.321160466169984,0
2023-05-25 04:00:00,3.435301601161924,54.12754387107091,1.8373425188859591,0
2023-05-25 05:00:00,2.084598624277639,53.79405544388101,1.9682950893508906,0
2023-05-25 06:00:00,2.200150026914224,67.24588564682597,5.049207083310303,0
2023-05-25 07:00:00,2.1494352647506028,58.63703839201288,6.154389782974652,0
2023-05-25 08:00:00,1.4952233499075078,76.53243932993178,5.818971103510114,0
2023-05-25 09:00:00,2.3187910471211515,71.09924887179004,5.727992507585091,0
2023-05-25 10:00:00,2.4326367774213846,58.8228268700736,3.4506412306330985,0
2023-05-25 11:00:00,2.771893672221898,56.08436280446887,4.867789512277557,0
2023-05-25 12:00:00,2.0191730562666814,37.71726600382,5.686986493783257,0
2023-05-25 13:00:00,2.736915819650959,78.09485571413724,3.436521579849601,0
2023-05-25 14:00:00,2.9266683852389503,76.81399243512739,4.7933940301828395,0
2023-05-25 15:00:00,3.394160891243684,58.32955679637871,5.255651134274624,0
2023-05-25 16:00:00,2.340375523297917,57.75249387569602,2.6956260686493834,0
2023-05-25 17:00:00,1.8385029598401164,60.581611412701434,5.138108121137489,0
2023-05-25 18:00:00,2.96393299440517,70.53341829105298,7.170822991643115,0
2023-05-25 19:00:00,2.369116481713026,59.336928497084315,5.183213843495118,0
2023-05-25 20:00:00,3.4401842119077393,81.16290840707885,4.514569024714445,0
2023-05-25 21:00:00,1.772886460727745,84.50039133795889,4.711216861017958,0
2023-05-25 22:00:00,3.6480725964578955,61.42885425224472,5.015428287906849,0
2023-05-25 23:00:00,3.521379737411629,68.8152385222175,3.4262169928888864,0
2023-05-26 00:00:00,1.9018920522461502,46.22799291578841,6.13433069808989,0
2023-05-26 01:00:00,4.2714747370014,81.10533439639192,3.3860006163071277,0
2023-05-26 02:00:00,1.3220123832447654,48.531168098601164,6.853857718339946,0
2023-05-26 03:00:00,2.300684847086779,58.11891099096707,2.5834359232671584,0
2023-05-26 04:00:00,3.2919279948425073,60.69931336296518,3.937941606699478,0
2023-05-26 05:00:00,2.6875784200819086,59.15463892854661,3.8395170334304174,0
2023-05-26 06:00:00,3.7032113328812484,50.951003911001195,2.8730405248758677,0
2023-05-26 07:00:00,2.773942438066197,81.68755061523436,2.7946566990375357,0
2023-05-26 08:00:00,4.643498502898522,49.48943015010786,5.409392438215157,0
2023-05-26 09:00:00,2.897628186330341,66.01877797017175,4.033814649721633,0
2023-05-26 10:00:00,3.976420403231934,65.5919301152922,4.262025315503746,0
2023-05-26 11:00:00,2.547117615041799,55.92026786792968,3.7351151366764332,0
2023-05-26 12:00:00,2.0327104537099525,64.4246775128342,3.1509637891853703,0
2023-05-26 13:00:00,3.827522388274069,66.30355438749207,2.5521904696903066,0
2023-05-26 14:00:00,2.9004586138047523,71.88031812194899,5.814364030140995,0
2023-05-26 15:00:00,1.845984347185298,80.56465341778858,5.269525842798821,0
2023-05-26 16:00:00,0.8190300950787914,67.7374793533913,3.979286618603349,0
2023-05-26 17:00:00,1.459923568515733,53.61890660818261,3.6933231281359675,0
2023-05-26 18:00:00,2.986351023316479,43.72388352189588,2.608317202353208,0
2023-05-26 19:00:00,2.721966259537244,71.74856755584975,3.4496143601720313,1
2023-05-26 20:00:00,2.41956333353925,68.51516923271356,3.598945573239539,0
2023-05-26 21:00:00,1.7846468722723494,58.191438947324464,4.109436696393565,0
2023-05-26 22:00:00,2.59131604509623,67.57096676158017,7.430436234608134,0
2023-05-26 23:00:00,2.821767799601437,60.85925554550598,3.3440210772366616,0
2023-05-27 00:00:00,2.834928073108154,65.98212477218888,5.3221495287581835,0
2023-05-27 01:00:00,2.8964864492209856,48.18463436872699,5.412808379739499,0
2023-05-27 02:00:00,2.11230905855843,84.4258746510118,2.428252787493001,0
2023-05-27 03:00:00,1.9546185833999552,68.12925236064412,3.0046185792174986,0
2023-05-27 04:00:00,1.9012078767232088,61.64137654844909,6.899758488579755,0
2023-05-27 05:00:00,2.3930884396335004,76.45261649067676,8.50365946176387,0
2023-05-27 06:00:00,2.967686420509298,66.58425636219542,3.5120484303999753,0
2023-05-27 07:00:00,2.392098473384957,65.69996831216714,4.990031977846812,0
2023-05-27 08:00:00,3.5498277064337485,77.82517064227675,5.340744774032697,0
2023-05-27 09:00:00,1.3523152207937967,83.99081322524161,3.150416259328672,0
2023-05-27 10:00:00,1.736220913701041,57.034039006536524,3.473524099398044,0
2023-05-27 11:00:00,2.5099385446998648,64.53480324775838,1.8831493515384716,0
2023-05-27 12:00:00,0.3773837451335833,63.846186647141884,9.548151387060098,0
2023-05-27 13:00:00,1.4115089286900817,61.11424954630954,4.103842259528561,0
2023-05-27 14:00:00,3.510118203476841,63.90438339871974,2.587316968365464,0
2023-05-27 15:00:00,2.3592427087723524,43.71216359924831,3.8237499833173407,1
2023-05-27 16:00:00,8.190885493136605,143.40586608714761,9.8877989928056,1
2023-05-27 17:00:00,2.4393366796048888,56.737578859251386,6.406212641480584,0
2023-05-27 18:00:00,1.8306999572539664,65.83022894736914,7.004345740150604,0
2023-05-27 19:00:00,2.07517150573777,72.3924535120931,3.2184210406401608,0
2023-05-27 20:00:00,3.5967886622129743,51.913982195718546,7.270422982282772,0
2023-05-27 21:00:00,2.4905521593338,56.66764510520973,3.844618374579442,0
2023-05-27 22:00:00,3.125731156170639,74.84698920293584,5.660226922743684,0
2023-05-27 23:00:00,2.6578121503767074,69.49481317262845,4.8306531428301565,0
2023-05-28 00:00:00,1.4081701479474573,53.6856253393852,6.768039803939342,0
2023-05-28 01:00:00,2.0681952281770553,74.04272640469536,3.4517274715508024,0
2023-05-28 02:00:00,3.3312122761049876,65.95405674066684,5.5209487520985565,0
2023-05-28 03:00:00,2.7564498193462494,67.81967965850014,0.11539187000508822,0
2023-05-28 04:00:00,1.9796994015963056,83.48609309698259,5.557701933330845,0
2023-05-28 05:00:00,2.763835433807776,69.53581117306967,4.424409799919575,0
2023-05-28 06:00:00,0.5040567649502143,54.35206864782374,4.446277901431341,0
2023-05-28 07:00:00,3.8924225847290397,62.951940858380105,5.510926450666013,0
2023-05-28 08:00:00,1.8648412997155814,48.81743096416445,5.783243681555704,0
2023-05-28 09:00:00,2.3337265139045136,44.31570137186754,4.863591393599719,0
2023-05-28 10:00:00,2.0935600851633995,64.37416821654256,3.8316830915873648,0
2023-05-28 11:00:00,5.229903995657229,92.33879877246413,8.427236513095085,1
2023-05-28 12:00:00,1.3014135269694853,71.01522499539888,4.792096935919567,0
2023-05-28 13:00:00,1.2693396292955406,45.38225238399218,2.740141713207251,0
2023-05-28 14:00:00,1.4176690681439057,61.63717974466891,3.5908528891370697,0
2023-05-28 15:00:00,3.055904674672886,96.90038654778076,5.3973267844709945,0
2023-05-28 16:00:00,2.0560017533158765,71.7056528008877,1.948623341278072,0
2023-05-28 17:00:00,3.1053172567214933,46.05547871969643,4.188745321294326,1
2023-05-28 18:00:00,2.5891705088298895,123.68203044290064,11.006265169291996,1
2023-05-28 19:00:00,1.9586794977608382,78.6882825468108,5.096270377978732,0
2023-05-28 20:00:00,2.5379197788751466,67.32745787583885,4.552513075126093,1
2023-05-28 21:00:00,3.7408125965519776,69.48563363800369,4.626421314680809,0
2023-05-28 22:00:00,3.546435639385727,60.22575927475778,2.777898954284889,0
2023-05-28 23:00:00,1.7571587937887196,69.89149104918484,3.8031253598484196,0
2023-05-29 00:00:00,0.9924517503976293,60.366168431695,4.7689650384309346,0
2023-05-29 01:00:00,3.589932041706178,60.11912199530393,3.5009857024313096,0
2023-05-29 02:00:00,2.707042159826469,51.55102354129508,3.3519645163642617,0
2023-05-29 03:00:00,1.7273802560326827,55.933653774703984,3.5901435291136856,0
2023-05-29 04:00:00,1.6725193840856614,54.53931113840002,1.4630285207974518,0
2023-05-29 05:00:00,4.4665324644315065,45.87051300321379,7.190697086784029,0
2023-05-29 06:00:00,3.1006047325228634,50.7593970383444,8.001966828967193,0
2023-05-29 07:00:00,3.001645262492055,70.987055032303,4.171390840717815,0
2023-05-29 08:00:00,2.441186841707045,65.15400944402784,5.2747569133036,0
2023-05-29 09:00:00,2.4290148749873666,52.51401435392662,4.199835524260619,0
2023-05-29 10:00:00,3.0317703029311227,39.498471564316105,3.7745365940111495,0
2023-05-29 11:00:00,2.634702736014708,63.46409214495318,4.469889510697159,0
2023-05-29 12:00:00,2.7617757504663523,56.04754589729252,6.850169165671524,0
2023-05-29 13:00:00,3.66547597655548,70.53050134830403,5.010887224525615,0
2023-05-29 14:00:00,1.5175188803348583,54.30897420003697,3.3599051444937764,0
2023-05-29 15:00:00,2.923817375234665,57.325327646102366,3.8956993902932258,0
2023-05-29 16:00:00,2.016976632990801,57.60401877883051,3.313422706396719,0
2023-05-29 17:00:00,2.2452546131908444,62.05045009624077,6.593579592034752,0
2023-05-29 18:00:00,1.2366176919456107,64.70145464391092,2.1319542974014007,0
2023-05-29 19:00:00,3.0747574730583773,56.830199277515355,4.971616819353458,0
2023-05-29 20:00:00,2.66351425550186,57.08442334135835,4.982246535053534,0
2023-05-29 21:00:00,1.1693899956546243,75.23413817908533,4.113591274206075,0
2023-05-29 22:00:00,2.8379313922881644,58.153668580500465,1.7781123843461346,0
2023-05-29 23:00:00,1.7886169283797004,52.100507369020406,4.456322960733933,0
2023-05-30 00:00:00,2.2406020007133853,73.75793298907335,2.768873986861365,0
2023-05-30 01:00:00,1.449491734181009,45.62327814706423,3.2502820379143555,0
2023-05-30 02:00:00,2.3236869737899215,57.10249695445592,3.2946499300822647,0
2023-05-30 03:00:00,3.4995590225227002,55.89865850050311,4.626526401908086,1
2023-05-30 04:00:00,2.3364374862741437,67.85245471462768,2.1168263372462053,0
2023-05-30 05:00:00,1.6964488320849784,71.94974612275868,6.013845892382644,0
2023-05-30 06:00:00,2.9092564378467514,56.183392720213874,3.2404834470755723,0
2023-05-30 07:00:00,1.2665733619378046,79.40542296712432,4.571495848271783,0
2023-05-30 08:00:00,3.239245076998178,46.50160296147371,5.1171638200545075,0
2023-05-30 09:00:00,1.8943756945370924,59.507171377866364,5.7469531381389105,0
2023-05-30 10:00:00,2.2128673733741144,61.07686555897443,7.986700489774746,0
2023-05-30 11:00:00,2.7599287287220986,49.083822188688316,5.715308122910224,0
2023-05-30 12:00:00,3.160797974645023,59.6074600797347,4.743335544957411,0
2023-05-30 13:00:00,2.8462145967021897,49.60937900900611,2.8328487734329846,0
2023-05-30 14:00:00,2.4098349916080117,71.62090234577026,5.327633278181873,0
2023-05-30 15:00:00,1.8660839760241232,54.3682077486006,3.5293977009656126,0
2023-05-30 16:00:00,2.20234672252173,86.71533910478342,0.3360246192978007,0
2023-05-30 17:00:00,3.791439727215094,61.25426871041893,6.244659562891731,0
2023-05-30 18:00:00,2.048131696154635,58.71806116362357,3.0797974229650045,0
2023-05-30 19:00:00,1.6003771897621588,67.10381184366871,2.73124528959322,1
2023-05-30 20:00:00,2.97284244649014,71.74002446410509,5.690978187307984,0
2023-05-30 21:00:00,1.8189421639093992,69.85795831272145,2.6139412796918147,0
2023-05-30 22:00:00,1.757863662733826,44.72584061958362,3.2049182059676244,0
2023-05-30 23:00:00,2.192513095805392,73.904772413733,7.170149839809593,1
2023-05-31 00:00:00,2.474718815387644,57.705688096544606,4.338440906182321,0
2023-05-31 01:00:00,3.521487293021544,58.5371915600253,3.601147246825188,0
2023-05-31 02:00:00,2.42135401015568,72.98444086085865,3.6808607688292994,0
2023-05-31 03:00:00,2.007071474611913,66.24835581881156,4.631377230745047,0
2023-05-31 04:00:00,3.608367379165399,66.84669124051001,4.384973625746694,0
2023-05-31 05:00:00,2.3375200041529465,59.09828062161234,3.853259838566037,0
2023-05-31 06:00:00,3.297820947704172,61.31923869171038,4.025062604806243,0
2023-05-31 07:00:00,2.9568503231786827,83.86341058701746,3.51460237996002,0
2023-05-31 08:00:00,1.5675992271059023,64.95963182158174,5.825757267491436,0
2023-05-31 09:00:00,3.6368451131978734,60.751265807508474,2.6898577416418443,0
2023-05-31 10:00:00,2.406011547132155,76.6681737987118,2.944746488292469,0
2023-05-31 11:00:00,4.29276247794152,108.01601772935985,10.49515025853566,1
2023-05-31 12:00:00,3.0789488063598913,42.841819419812474,7.576090803141778,0
2023-05-31 13:00:00,2.992907073777666,65.96794577612515,5.945365673322126,0
2023-05-31 14:00:00,1.629649997669454,68.6323825490238,2.7223272727595784,0
2023-05-31 15:00:00,1.573268934193496,66.52577370112407,5.066217105456145,0
2023-05-31 16:00:00,4.134283951725879,62.333442168813825,2.6433456880128765,0
2023-05-31 17:00:00,1.5511969242991523,88.1785982267273,4.37106813869832,0
2023-05-31 18:00:00,3.8838288405603443,54.069138247625915,1.3969407010081252,0
2023-05-31 19:00:00,3.128064148431471,68.15306120777382,4.000611655531579,1
2023-05-31 20:00:00,2.547554567524634,57.77413838314921,4.194337282317043,0
2023-05-31 21:00:00,2.809763422720839,28.131899134166083,-0.09805902620083096,0
2023-05-31 22:00:00,2.559421867195365,68.50898479839768,4.826020953769223,0
2023-05-31 23:00:00,2.696508716721706,56.45791697132107,4.878216759148892,0
2023-06-01 00:00:00,2.0009343700473807,45.003475427821805,5.500131234334861,0
2023-06-01 01:00:00,2.933197018237321,61.04691663747095,2.3681203102254105,0
2023-06-01 02:00:00,2.333935846989208,71.65916997758359,3.364311217357024,0
2023-06-01 03:00:00,3.0348548850896755,70.9380373904268,3.5881572852180534,0
2023-06-01 04:00:00,2.6428148706067383,58.53423010908217,6.597876087947409,0
2023-06-01 05:00:00,1.8330091258963708,70.01569339960683,6.2763416808466905,0
2023-06-01 06:00:00,2.2589639186343704,66.00896619411843,6.8125865225903,0
2023-06-01 07:00:00,1.779101630353607,65.46984277788769,3.9754072656439203,0
2023-06-01 08:00:00,0.49646153760449785,61.10389130177338,2.351578027592136,0
2023-06-01 09:00:00,2.8757803309190493,51.69076332921142,4.382311827368548,0
2023-06-01 10:00:00,4.04389274217599,60.1094906549406,5.22153466321368,0
2023-06-01 11:00:00,1.813771694424236,61.05407419152725,6.18367218763381,0
2023-06-01 12:00:00,3.373878808916465,54.58587867467493,3.5426567944194707,0
2023-06-01 13:00:00,1.5550923816459334,66.04195641733168,4.0644320710507635,0
2023-06-01 14:00:00,3.782472491872765,62.46568678674369,4.5602482733985426,0
2023-06-01 15:00:00,2.486838091008092,43.66182435045661,5.8376261751011285,0
2023-06-01 16:00:00,2.2444197802865538,70.68451494673013,6.280125698673391,0
2023-06-01 17:00:00,2.8734392547431122,53.03986675546632,2.514244850576441,0
2023-06-01 18:00:00,3.041872321029198,59.74540365842194,3.7918303759478866,0
2023-06-01 19:00:00,2.3966537593445656,55.37343127936604,3.7554420620452675,0
2023-06-01 20:00:00,2.351781852983077,62.29823906464262,2.5285259789443133,0
2023-06-01 21:00:00,2.72832409487925,59.072078881929016,5.432508807190126,0
2023-06-01 22:00:00,2.469236851427938,59.4263873235987,6.606963639312726,0
2023-06-01 23:00:00,3.4902935102135606,64.34380152900022,3.682027693439915,0
2023-06-02 00:00:00,2.182141951173161,40.730961658224956,4.907234011886522,0
2023-06-02 01:00:00,2.7310420492303193,43.93734204702662,6.018699709581556,0
2023-06-02 02:00:00,3.2095873367853116,42.18767074682686,2.9036462007286064,0
2023-06-02 03:00:00,3.0541008295249554,52.73150431220729,5.549382191582909,0
2023-06-02 04:00:00,3.161380764389943,57.21375674444456,3.726972829723908,0
2023-06-02 05:00:00,2.5335088791160847,67.10124933852263,3.1516913314263033,0
2023-06-02 06:00:00,2.763452203086934,49.27474607346545,4.359463803605239,0
2023-06-02 07:00:00,2.622757027322594,62.34214421724473,4.924322532953345,0
2023-06-02 08:00:00,2.952306206942685,71.78837058461443,6.193307772585361,0
2023-06-02 09:00:00,2.7032777111435897,49.97574224890517,6.659687219433788,0
2023-06-02 10:00:00,2.1929430769351366,61.71665178634105,5.357038076107435,0
2023-06-02 11:00:00,2.7949907622411847,59.56457596476759,2.5617941385804577,0
2023-06-02 12:00:00,2.764611185829135,57.42101231451193,6.442761047602026,0
2023-06-02 13:00:00,1.8685563696798464,66.5761833285462,4.5698258883638125,0
2023-06-02 14:00:00,3.023816452765022,57.6924754014872,1.0187545174029808,0
2023-06-02 15:00:00,1.986003189741146,63.68369735891975,4.422481544538405,0
2023-06-02 16:00:00,2.284813033558459,64.36209148946926,3.484529348558785,0
2023-06-02 17:00:00,0.9826321648514575,53.64818815020284,2.9886371451211597,1
2023-06-02 18:00:00,3.642527225926112,67.18569635957549,3.8195055402307756,0
2023-06-02 19:00:00,1.4817671986505252,59.21741808446005,4.094836734349541,0
2023-06-02 20:00:00,3.4882387540324578,51.80725580388457,6.928406387923224,0
2023-06-02 21:00:00,1.987255032763636,75.17411399323383,4.43499741542757,0
2023-06-02 22:00:00,3.032501024593418,81.62379330124871,4.834631312942941,0
2023-06-02 23:00:00,3.076994801867268,68.48791016526432,5.490421440853954,0
2023-06-03 00:00:00,2.1392752967256508,63.82909788582927,7.043316027181204,0
2023-06-03 01:00:00,1.458880291110631,79.42450123302885,1.5287219464935937,0
2023-06-03 02:00:00,1.5735208224052646,81.48591189033733,4.759174740357566,0
2023-06-03 03:00:00,2.936810332912111,64.55630372784371,-0.042848751292122955,0
2023-06-03 04:00:00,3.0856449287559573,82.47875492325718,3.9530379424568283,0
2023-06-03 05:00:00,1.6454083821566896,56.57770788973967,4.0594056716596265,0
2023-06-03 06:00:00,1.7259548114784073,54.25605653463131,1.1974374460725796,0
2023-06-03 07:00:00,1.4146819200913703,57.11404123042131,1.1456458299836076,0
2023-06-03 08:00:00,1.2725124965610908,54.9850467180911,5.9254891291954035,0
2023-06-03 09:00:00,2.822067346761946,64.05900492668296,4.799541040921072,0
2023-06-03 10:00:00,2.121591055631597,66.27984113952607,3.8743340343236476,0
2023-06-03 11:00:00,3.7779483900295574,65.67524160038778,4.5180306692886045,0
2023-06-03 12:00:00,1.9355438556567992,51.16133448658796,5.28704880887107,0
2023-06-03 13:00:00,5.578209023681425,136.55566838154516,12.935781043073657,1
2023-06-03 14:00:00,2.743317372841294,80.75837901021796,3.212430892638719,0
2023-06-03 15:00:00,2.729047551388175,75.14590784550919,2.51967823910893,0
2023-06-03 16:00:00,4.317255554964734,70.83564778796685,1.9627753196120232,0
2023-06-03 17:00:00,6.777317624467158,114.68220891613885,9.380023934344278,1
2023-06-03 18:00:00,1.7874899528587083,52.598603686239684,3.9658478159267556,0
2023-06-03 19:00:00,2.801574201906397,77.45398328907805,4.604457566105525,0
2023-06-03 20:00:00,2.0690738355465874,59.651003163724326,4.065572444740271,1
2023-06-03 21:00:00,1.0976677437179707,69.22962031686197,4.045456534342261,0
2023-06-03 22:00:00,2.0379749140483825,55.695642437960046,4.049338010515615,0
2023-06-03 23:00:00,3.4978091216892473,65.2097596932463,3.897248502100964,0
2023-06-04 00:00:00,2.378010704468695,60.49238594364876,6.332821506448923,0
2023-06-04 01:00:00,2.590803569627226,71.34647476697673,3.866587389904939,0
2023-06-04 02:00:00,1.8754887392223165,65.26778631156066,6.424206721474625,0
2023-06-04 03:00:00,0.12423252748659541,54.982892860839954,4.033680621360255,0
2023-06-04 04:00:00,2.383722319774098,64.86899771128758,3.3633560290507676,0
2023-06-04 05:00:00,1.9908663226198544,79.9284278897017,5.423448624008986,1
2023-06-04 06:00:00,1.8591595115334385,56.62196991248071,3.393901414740167,0
2023-06-04 07:00:00,1.344647712247239,63.86694756898112,4.347433152399055,0
2023-06-04 08:00:00,0.7979822321213312,58.57391864535197,7.483053264808108,0
2023-06-04 09:00:00,2.252339932017623,81.75519004362681,5.889517541538938,0
2023-06-04 10:00:00,2.799938198376859,59.613658105441,4.299820143804261,0
2023-06-04 11:00:00,3.9312869104641424,52.2628306888172,4.805005438481645,0
2023-06-04 12:00:00,1.8285113341352814,43.43160752176545,4.693226950220293,0
2023-06-04 13:00:00,0.7147927729251489,58.074160459484865,2.6110508811133544,0
2023-06-04 14:00:00,1.6252937243749055,72.68764778897993,3.418505121707846,0
2023-06-04 15:00:00,2.3636273885101846,62.61222530061634,3.4577161110112984,0
2023-06-04 16:00:00,2.6172467997549975,77.23271754725147,5.882451690141803,0
2023-06-04 17:00:00,2.22881216023712,66.28918560300093,5.163130374117462,0
2023-06-04 18:00:00,2.6447973700890204,65.96922432333452,4.04679436847363,1
2023-06-04 19:00:00,1.6927338114004593,69.41660322678928,3.453811826822661,0
2023-06-04 20:00:00,2.4907335418326086,61.39828309066929,4.483970628095013,0
2023-06-04 21:00:00,3.344899126947548,79.76347395201661,4.4866806959039955,0
2023-06-04 22:00:00,3.4379557252867965,64.2069315203444,5.629092156109162,0
2023-06-04 23:00:00,2.6793356301283247,70.11977685966515,2.00960557261336,0
2023-06-05 00:00:00,2.6412288134146813,67.5949225147606,4.2366704588531015,0
2023-06-05 01:00:00,2.2156502137012315,58.078049044786304,3.4408233447519665,0
2023-06-05 02:00:00,3.305655010533939,56.758726746209135,1.668820598285396,0
2023-06-05 03:00:00,1.0212472885933774,47.72163538874625,5.669242416916148,0
2023-06-05 04:00:00,2.2514211710829857,71.84568538864949,3.1519142999261565,0
2023-06-05 05:00:00,2.2576324258894513,68.67273116366762,3.4148332315814685,0
2023-06-05 06:00:00,2.352103224183314,59.80503691171024,4.411253157525072,0
2023-06-05 07:00:00,1.7920832504565087,48.838669373325104,4.563551888075457,0
2023-06-05 08:00:00,2.0967018305126635,54.0117032731881,2.2133794280420784,1
2023-06-05 09:00:00,3.4217719170836127,57.662847293376835,3.3630414365458035,0
2023-06-05 10:00:00,2.872266734227704,68.77404630845454,3.0867718191024633,0
2023-06-05 11:00:00,2.480016525215786,83.99060010683499,4.529225234691159,0
2023-06-05 12:00:00,2.9573381523277518,62.15835159914571,3.932910960177665,0
2023-06-05 13:00:00,2.178580926927544,64.22635154205075,4.365638784922281,0
2023-06-05 14:00:00,1.0076612432852479,53.76115310067927,5.509678884380593,0
2023-06-05 15:00:00,2.3311034283069287,61.08203592422524,4.099197069587203,0
2023-06-05 16:00:00,1.3739523531977647,50.1797870885265,3.339336795521983,0
2023-06-05 17:00:00,2.983818106149981,66.24139567216342,4.128851396731411,0
2023-06-05 18:00:00,2.9657553674885015,76.13680026400196,5.958446513935614,0
2023-06-05 19:00:00,4.125533752442147,68.16199033764438,4.929489587046193,1
2023-06-05 20:00:00,1.4425110003036818,67.17520247227017,6.732331377439397,0
2023-06-05 21:00:00,3.139564222889712,75.87046201459744,4.778832010957144,0
2023-06-05 22:00:00,3.1005888897736837,56.344864457464446,0.8965416110709867,0
2023-06-05 23:00:00,2.118143108244271,66.76986058146964,3.838077594901651,0
2023-06-06 00:00:00,1.6890609605154614,58.8749398188187,4.897706848554497,0
2023-06-06 01:00:00,1.5289431622513985,61.59385096967117,0.9168258818627004,0
2023-06-06 02:00:00,2.2893821355241335,62.764952277097755,2.53575581277335,1
2023-06-06 03:00:00,2.930830070857785,60.77197844839139,5.3921968101223,0
2023-06-06 04:00:00,2.38657379728456,62.60402141910873,4.893922033811684,0
2023-06-06 05:00:00,1.0184120183292766,68.58414666523609,7.727844074199084,0
2023-06-06 06:00:00,2.0347796697027745,63.118138794649376,4.381093180801418,0
2023-06-06 07:00:00,2.1016739467954393,66.78200855975234,2.7952295309413113,0
2023-06-06 08:00:00,2.625314591130299,82.91458833982128,5.0989272975474424,0
2023-06-06 09:00:00,3.4901170882213095,73.31942451304053,5.091878090698853,0
2023-06-06 10:00:00,2.575745790789063,34.08791908955536,4.533286321289073,0
2023-06-06 11:00:00,3.0945930300622324,71.33145022819525,3.6358056735808515,0
2023-06-06 12:00:00,2.471600108441434,60.27132180153543,3.288817010613274,0
2023-06-06 13:00:00,2.361540503263135,45.37559913881037,5.7075634408442415,1
2023-06-06 14:00:00,1.1248760578595385,66.43527596991072,5.137258094730943,0
2023-06-06 15:00:00,4.089158719620102,54.03978948628742,4.413951120811748,0
2023-06-06 16:00:00,1.83728490196899,55.81070155173296,6.314270627692482,0
2023-06-06 17:00:00,0.5477412488336224,62.65963714743457,5.078576431417223,0
2023-06-06 18:00:00,3.8587727520629507,73.7135787486253,5.1973825012364046,0
2023-06-06 19:00:00,3.689407091588948,73.14724727268373,2.1339673099781553,0
2023-06-06 20:00:00,1.7368059902406725,63.534327237096875,2.8929591534123897,0
2023-06-06 21:00:00,3.1793628217944203,66.68164780590982,3.582166855708241,0
2023-06-06 22:00:00,2.4764317522889434,61.52095753565078,2.8551235861945488,0
2023-06-06 23:00:00,2.195913329632259,47.67545281454702,3.4863892696362377,0
2023-06-07 00:00:00,2.5424151951444793,70.00650478908045,2.103336013803669,0
2023-06-07 01:00:00,3.3724217315275364,66.4752519287519,8.077928304271978,0
2023-06-07 02:00:00,2.8417781579951553,67.54695379096368,3.8208837367068784,0
2023-06-07 03:00:00,2.2520259466970423,61.22604787240231,5.971040127430673,0
2023-06-07 04:00:00,2.411175118397575,71.22033428386948,5.574060789973746,0
2023-06-07 05:00:00,2.81987663614841,66.74572623487384,0.6969898773384742,0
2023-06-07 06:00:00,3.4989055550552672,49.00352352819273,4.499637810109912,0
2023-06-07 07:00:00,2.394165685997197,93.46932065092687,2.082375741854886,0
2023-06-07 08:00:00,3.2066569212516978,49.258820474366274,2.7981096684768074,1
2023-06-07 09:00:00,1.4598681046470425,52.79073054395973,7.549735644847543,0
2023-06-07 10:00:00,2.7092946348528435,49.885530229134844,5.792048455989134,0
2023-06-07 11:00:00,2.2740610724580104,66.20951619387098,5.256508538020883,0
2023-06-07 12:00:00,3.200604610226685,51.66254587873591,3.4936035326101527,0
2023-06-07 13:00:00,2.566180873247949,53.073945360932164,3.5988004875680826,0
2023-06-07 14:00:00,3.138005309775313,64.35103966085717,3.538728695670849,0
2023-06-07 15:00:00,4.288559988708938,81.98419333513446,1.2782448154474086,0
2023-06-07 16:00:00,2.105826621088527,52.658179582160486,1.8913270756111995,0
2023-06-07 17:00:00,3.423799417281802,54.42696071011363,2.3565395765580677,0
2023-06-07 18:00:00,1.4014286035247094,68.60581634351743,3.4585917803575628,0
2023-06-07 19:00:00,2.369807057810214,68.36170053463022,2.632714543195025,1
2023-06-07 20:00:00,0.8016620935746928,55.09835676243729,1.987444522986391,0
2023-06-07 21:00:00,3.030067397061882,50.91781338974312,3.831415875818222,0
2023-06-07 22:00:00,2.487591603831827,76.07003331586452,2.7026728744680355,0
2023-06-07 23:00:00,2.860784345793054,70.25216793059198,4.190221870538934,0
2023-06-08 00:00:00,3.2887139979466733,52.242014550526044,4.836232036154862,0
2023-06-08 01:00:00,1.9311009087373485,58.577427689752184,5.151813384465895,0
2023-06-08 02:00:00,2.189041604193819,74.14414835058504,3.25233316157374,0
2023-06-08 03:00:00,2.300168358150789,61.56487226533439,4.70159236966824,0
2023-06-08 04:00:00,2.7006087730290496,35.02006441863857,1.7858816568325078,0
2023-06-08 05:00:00,2.9754679544383227,79.7048798553674,3.27438358198937,0
2023-06-08 06:00:00,2.893933702839959,61.9971087376327,4.8510917646999925,0
2023-06-08 07:00:00,1.7385869631783235,73.0252655880248,3.3066010742527365,0
2023-06-08 08:00:00,2.374411808383439,82.74548779944722,4.372750689169774,0
2023-06-08 09:00:00,2.8640361845909954,78.14377407481828,3.178264638883273,0
2023-06-08 10:00:00,2.6904122280481575,86.05806862586795,6.297894645170072,0
2023-06-08 11:00:00,2.1572348326466706,65.89357248511249,4.454039604233742,0
2023-06-08 12:00:00,2.682364171157763,64.74965055786346,4.9921621746669835,0
2023-06-08 13:00:00,2.3406707044816355,66.35768420785067,7.603169308330725,0
2023-06-08 14:00:00,0.9803911867285731,63.33322960016883,2.9073308721449176,0
2023-06-08 15:00:00,3.1274820527946625,64.51337045164436,4.228748036211086,0
2023-06-08 16:00:00,3.0775722853635425,75.129535984122,3.431709020864699,1
2023-06-08 17:00:00,3.6631102297012212,81.79775457258373,0.38309668865806357,0
2023-06-08 18:00:00,0.9033314991440662,83.97915023736948,4.106389064699491,0
2023-06-08 19:00:00,3.6634325953401365,36.564852504513496,4.325213307618382,1
2023-06-08 20:00:00,2.369875898655165,37.973451113752056,5.2161754364905,0
2023-06-08 21:00:00,2.8151255971793807,62.87287377383104,4.46932504980474,0
2023-06-08 22:00:00,2.6868155814744945,59.52968109857486,4.385304505591204,0
2023-06-08 23:00:00,2.792941009074745,68.09797710150319,4.275616489971376,0
2023-06-09 00:00:00,3.9009849259263687,70.654541914882,5.1015952457773714,0
2023-06-09 01:00:00,3.3676041033567246,71.07322670960515,5.38497064760038,0
2023-06-09 02:00:00,1.4812388451372847,65.56291227952049,4.745822335582661,0
2023-06-09 03:00:00,4.009547847243212,55.116820121221394,4.656994000494986,0
2023-06-09 04:00:00,2.363603301311683,68.10844598294618,4.368489139312093,1
2023-06-09 05:00:00,2.094186690760599,72.4494558372548,4.99261627099756,0
2023-06-09 06:00:00,2.548119104014676,76.56812090666222,5.312228148535528,0
2023-06-09 07:00:00,2.172553270044099,41.347414574352456,2.9543941398883407,0
2023-06-09 08:00:00,1.1290256240892882,59.57852963108937,2.571502164244283,0
2023-06-09 09:00:00,2.8786136896451695,70.94891345787902,3.2315688756759284,0
2023-06-09 10:00:00,3.5708995401768773,67.4667936372664,4.79273292894052,0
2023-06-09 11:00:00,3.2846882416993504,74.513438956903,3.561516173244094,0
2023-06-09 12:00:00,2.836931018854605,71.68851306439717,4.4253048463032325,0
2023-06-09 13:00:00,2.0849182227300163,61.99447220716804,3.334688483296892,0
2023-06-09 14:00:00,4.09957507417273,74.9521644097919,5.07529896661603,0
2023-06-09 15:00:00,2.2298715869768784,40.218700149936595,2.5830967609582105,0
2023-06-09 16:00:00,2.196961954450107,73.24613216341703,5.048042123254285,0
2023-06-09 17:00:00,2.298987481059244,52.88936987754225,5.219463970967854,0
2023-06-09 18:00:00,3.005901575086604,69.01667860370236,5.7308108234907635,0
2023-06-09 19:00:00,1.4435672215487958,70.96448844137034,4.970694673177049,0
2023-06-09 20:00:00,1.98970545175513,43.98510898686589,4.155611344053275,0
2023-06-09 21:00:00,3.154784939573928,73.37900365804273,5.479602648334143,0
2023-06-09 22:00:00,2.2080797883628303,57.424616951690304,3.891471554794889,0
2023-06-09 23:00:00,2.830065368329021,63.17848106920625,3.0940609461304422,0
2023-06-10 00:00:00,0.37701578410510894,53.048043599243584,4.923350244269608,0
2023-06-10 01:00:00,2.70398791439284,62.63002685530134,4.511162249407715,0
2023-06-10 02:00:00,3.269720271048278,51.24031046850872,2.925506280722101,0
2023-06-10 03:00:00,2.474791713478254,74.35195760986745,4.745880400913395,0
2023-06-10 04:00:00,3.119280684730437,57.657275073814134,6.237172051308266,0
2023-06-10 05:00:00,1.7899763500533643,52.979340654125124,6.421116220838083,0
2023-06-10 06:00:00,3.6731201915394007,79.75688003222093,4.683082534451672,0
2023-06-10 07:00:00,4.452098252550445,69.29054680400401,3.6599273362079456,0
2023-06-10 08:00:00,3.4417312757625065,69.81721929955616,2.599330715764726,0
2023-06-10 09:00:00,2.605480379289921,50.28491312349034,3.6954811009198285,0
2023-06-10 10:00:00,1.2457176739822164,72.55501898786297,2.9458606189936907,0
2023-06-10 11:00:00,1.7833413620177772,56.83797627060942,2.3032857661188877,0
2023-06-10 12:00:00,2.2300924492932723,62.8771947980795,3.6538137212609376,0
2023-06-10 13:00:00,2.9949746591623065,78.19294282740307,3.01945150626147,0
2023-06-10 14:00:00,1.7927074656399027,78.24247977048833,3.0249609784120395,0
2023-06-10 15:00:00,2.5141187446707725,64.32379829639295,7.949225176881349,0
2023-06-10 16:00:00,2.3037715972644124,66.48354850224514,4.742728885466589,0
2023-06-10 17:00:00,1.4639580559221452,74.62099647387573,4.816526726775378,0
2023-06-10 18:00:00,3.316144088667428,57.796692399656,4.068726602789188,0
2023-06-10 19:00:00,2.875287595365309,75.92155018864365,5.087608516836099,0
2023-06-10 20:00:00,2.4398192994018144,68.06526717856161,3.0761196484460624,1
2023-06-10 21:00:00,2.667877717799103,51.06789202430452,6.200685531912557,0
2023-06-10 22:00:00,3.453417122787019,73.83959616004127,2.7264549610315596,0
2023-06-10 23:00:00,2.6220789993887266,65.27373101109418,4.386741296377722,0
2023-06-11 00:00:00,2.4457993865407386,49.797422720027214,4.281525850802368,0
2023-06-11 01:00:00,2.784373018638888,68.60670910844495,6.090389261445535,0
2023-06-11 02:00:00,1.5996650850246705,47.73837374547111,2.8170924342514727,0
2023-06-11 03:00:00,1.5284672893401208,81.15823236788823,3.386124111972678,0
2023-06-11 04:00:00,3.117748060307209,83.15121152235048,6.294152078264588,0
2023-06-11 05:00:00,2.6855771876179904,136.12854804749594,7.858778883745934,1
2023-06-11 06:00:00,2.0057727442666975,80.41421831327379,3.723895644940872,0
2023-06-11 07:00:00,0.7327651019717136,78.91138951736369,3.209666770271735,0
2023-06-11 08:00:00,0.8203340552270582,61.5705920451324,7.462167199443073,0
2023-06-11 09:00:00,1.1029596542179518,67.09169850873627,2.9630792200315166,0
2023-06-11 10:00:00,3.260070143717913,47.331926227583075,4.470318295661091,0
2023-06-11 11:00:00,3.0136589478800353,59.471735477335,0.15474991481084022,0
2023-06-11 12:00:00,2.7363513729409155,77.2359353582243,4.808708070818271,0
2023-06-11 13:00:00,3.438402844219165,59.58699880698965,6.445987753292348,0
2023-06-11 14:00:00,1.9718178643852835,63.79542716748654,5.740788948883928,0
2023-06-11 15:00:00,2.589316101051164,70.82720151538254,8.269765875143658,0
2023-06-11 16:00:00,2.0195709809314275,76.45587445415677,4.260427692297169,0
2023-06-11 17:00:00,2.5785636742601348,49.21875462906591,7.250411121017515,0
2023-06-11 18:00:00,1.6860370966471256,68.88823141968614,3.716286547267673,0
2023-06-11 19:00:00,2.5447851022352013,51.641614959739314,5.1868368277486345,0
2023-06-11 20:00:00,2.9078205990423216,56.819634607695775,6.127572812663701,0
2023-06-11 21:00:00,2.476793589243141,57.6366477315886,3.051758961463911,0
2023-06-11 22:00:00,3.0524045584427166,71.89655523416107,5.1995165418692535,0
2023-06-11 23:00:00,3.339918516134867,81.44904002984944,6.177920745975513,1
2023-06-12 00:00:00,1.8968821407569032,74.68922897456704,4.358139172506382,0
2023-06-12 01:00:00,2.233250153630146,74.51605001029583,6.646498970017586,0
2023-06-12 02:00:00,2.6365036661267096,60.759636058370894,3.2431772620439094,0
2023-06-12 03:00:00,2.5090164148940293,70.12939862141762,3.837137403532859,1
2023-06-12 04:00:00,1.9144680836291288,51.20061816845291,2.741818036868688,0
2023-06-12 05:00:00,1.0061116464529085,47.12530101394445,2.671690588792877,0
2023-06-12 06:00:00,1.8348930140275361,64.2053500992907,6.757179939502555,0
2023-06-12 07:00:00,3.0362964151835654,70.23425865116063,2.7495779983371023,0
2023-06-12 08:00:00,3.095355724626147,65.41008109047753,2.3205936213817395,0
2023-06-12 09:00:00,2.9898987503834156,72.15844927582557,4.331853277133048,0
2023-06-12 10:00:00,2.1778950978910947,67.18329025422575,3.6921308532225794,0
2023-06-12 11:00:00,3.785713302074589,51.95355401824645,6.39285960989287,0
2023-06-12 12:00:00,3.6659348465655173,84.54625487461084,3.7308485122152235,0
2023-06-12 13:00:00,2.6647504623513987,68.12398746666908,4.017233343451734,0
2023-06-12 14:00:00,2.0968091534187883,56.10125511874561,5.534024716730608,0
2023-06-12 15:00:00,1.6869958019645375,61.33773836412063,3.02402057435106,0
2023-06-12 16:00:00,3.043124038719942,55.706705943850565,5.059307853191186,0
2023-06-12 17:00:00,2.4614030979304875,47.99591839855597,1.4001701754832423,0
2023-06-12 18:00:00,3.5422537184043312,53.171976703951565,4.7446383251527795,1
2023-06-12 19:00:00,1.3624311852735078,47.226514381872875,4.4609236664899585,1
2023-06-12 20:00:00,2.088337027657551,62.303972284250165,5.606683948643689,0
2023-06-12 21:00:00,4.864782542155938,37.867096995386,3.0248747253500423,0
2023-06-12 22:00:00,1.0236039235156031,53.27810082272825,5.849213083472,0
2023-06-12 23:00:00,2.504555855958368,67.45211019225451,5.828591429409412,0
2023-06-13 00:00:00,2.310344238130706,70.54869509270836,6.301417204385933,0
2023-06-13 01:00:00,2.9614686136331203,77.53130674615606,4.376760055192826,0
2023-06-13 02:00:00,3.1376663624411685,70.53036467142951,4.8857036909513685,0
2023-06-13 03:00:00,3.5799937044718426,77.81518492520482,4.819660850906307,0
2023-06-13 04:00:00,4.046182461668852,68.20689036471423,2.6382654092433553,0
2023-06-13 05:00:00,3.518489139845207,61.72005328550253,5.504545161526093,0
2023-06-13 06:00:00,2.3997581774361656,69.81311602763651,4.674465520120672,0
2023-06-13 07:00:00,1.3970947186627887,64.84008008762017,0.9872172644845976,0
2023-06-13 08:00:00,2.7432159461953662,62.6669534523667,4.878023636871676,0
2023-06-13 09:00:00,0.9371289650808245,67.83651663465834,2.2209834356238587,0
2023-06-13 10:00:00,1.8064466580901737,60.68650725837372,4.582934277603,0
2023-06-13 11:00:00,2.4762635296285542,64.20826609435882,3.1797687401864314,0
2023-06-13 12:00:00,2.5049225579282814,72.45665883858248,3.7701000333945567,0
2023-06-13 13:00:00,3.3542115469064733,75.78737479555153,5.266690220289965,0
2023-06-13 14:00:00,3.1340184350027176,59.612913290430214,3.989853828580604,0
2023-06-13 15:00:00,2.6460042190193835,60.366125651213494,6.699244592066019,0
2023-06-13 16:00:00,2.318259813479963,54.726241654060544,3.9242519464409775,0
2023-06-13 17:00:00,3.514357756707711,68.52676300997182,6.727568734416629,0
2023-06-13 18:00:00,2.159153062667256,56.57156558581743,3.3361237355947773,0
2023-06-13 19:00:00,2.1942679814814134,50.83886586414362,4.964820058779299,0
2023-06-13 20:00:00,3.4563434956203554,58.10679696450936,3.275475364268101,0
2023-06-13 21:00:00,2.951435277403975,60.07907162886745,4.611923915688124,0
2023-06-13 22:00:00,3.093686716153908,82.89479650854747,4.599430984400675,0
2023-06-13 23:00:00,2.393258376603304,75.05234794918044,5.30046055050962,0
2023-06-14 00:00:00,1.8345437355084013,69.70108473770787,5.166672620727914,0
2023-06-14 01:00:00,2.157289644924298,57.90551583749701,6.001364495058803,1
2023-06-14 02:00:00,3.176488996174666,68.07982364161222,5.053322218502839,0
2023-06-14 03:00:00,2.9492202410137605,67.4037002013416,2.7969435281344692,0
2023-06-14 04:00:00,2.8059179172396047,65.46701483531898,3.399469735779022,0
2023-06-14 05:00:00,2.276231949887952,51.567491563445195,4.755743204844804,0
2023-06-14 06:00:00,2.159522620494262,65.26640444036043,4.8771412594266,0
2023-06-14 07:00:00,2.0530609450877524,67.55227306946682,3.6457477455669878,0
2023-06-14 08:00:00,3.4416416243085757,56.52362143771475,3.160555960247735,0
2023-06-14 09:00:00,4.305548824728129,66.83494583462208,4.074427891510861,0
2023-06-14 10:00:00,2.5935517321717274,63.33289558498314,4.269524758979729,0
2023-06-14 11:00:00,3.628534845048055,67.43688925096554,3.5270252889832605,0
2023-06-14 12:00:00,3.280449868692296,65.91591366828084,1.3698490312200495,0
2023-06-14 13:00:00,1.5967162457764053,69.03526282139977,3.5958172551436585,0
2023-06-14 14:00:00,2.1596142921261174,67.99814978045949,6.846228673055761,0
2023-06-14 15:00:00,1.182773375783406,50.94170986638684,4.404984462335618,0
2023-06-14 16:00:00,1.8011197953476272,79.66201895695505,2.424153591598231,0
2023-06-14 17:00:00,1.6108653597184817,70.33841889878951,5.002170496149743,0
2023-06-14 18:00:00,2.136593586597861,66.83218155740015,2.163647435238968,0
2023-06-14 19:00:00,1.7463811771628073,79.55445649854455,4.066274107243889,0
2023-06-14 20:00:00,2.6050213294150093,64.48470544166905,2.6415581148589755,0
2023-06-14 21:00:00,2.003626071163679,46.52465756922399,2.7946043032541388,0
2023-06-14 22:00:00,3.021088647210159,78.50701651214823,3.2188991412309367,1
2023-06-14 23:00:00,1.5272551137665809,68.39832803062214,1.2383151475021195,0
2023-06-15 00:00:00,2.377835158419007,53.56608512206534,3.2915726276050616,0
2023-06-15 01:00:00,3.050348420054121,72.01451030836061,4.729032462069572,0
2023-06-15 02:00:00,3.4451544234671725,67.2240564831381,3.921743703064108,0
2023-06-15 03:00:00,3.19685120726953,52.580139565471754,5.518352982630577,0
2023-06-15 04:00:00,1.6770071546976162,76.67372275121862,4.508974096059095,0
2023-06-15 05:00:00,1.6003403034341908,43.73309737646035,2.1134061079088187,0
2023-06-15 06:00:00,0.7805602212876002,48.95355879936064,3.4891019769374476,0
2023-06-15 07:00:00,2.8503071717957216,63.22297143376545,4.654005523819089,0
2023-06-15 08:00:00,3.2972155111120127,62.492799175079675,6.565327378441438,0
2023-06-15 09:00:00,1.269454785052889,61.16381629449637,4.251382601258241,0
2023-06-15 10:00:00,3.8687818048025826,62.725194921900716,6.471905016249534,0
2023-06-15 11:00:00,3.7459768900386807,71.86580563109517,3.943196251987838,0
2023-06-15 12:00:00,1.7768353001745418,64.80160297082118,3.8847918718839565,0
2023-06-15 13:00:00,2.4674400128774687,76.21781269830367,3.0553106261712566,0
2023-06-15 14:00:00,3.4683283511075587,65.82952800055675,2.6759801991295546,0
2023-06-15 15:00:00,4.004708961007617,80.9907818355194,5.293864428777399,0
2023-06-15 16:00:00,2.2553184489897804,63.741450165748326,4.586036895343569,0
2023-06-15 17:00:00,1.9821314116206277,68.06243791513715,7.271627562904865,0
2023-06-15 18:00:00,2.4872780602742215,68.89971929549819,4.490953749991678,0
2023-06-15 19:00:00,2.3773726825925334,65.81490243543247,3.6493705132008367,1
2023-06-15 20:00:00,2.768878372969341,75.37544802710377,3.5288182051171995,0
2023-06-15 21:00:00,1.2639526390375821,55.225324382178144,2.527118678864636,0
2023-06-15 22:00:00,2.0325017929450477,74.15582775404715,5.141802589007029,0
2023-06-15 23:00:00,4.133887385999186,65.48416847545494,4.100419211367101,0
2023-06-16 00:00:00,0.7229078684503885,56.057687327484715,1.5162707119032204,0
2023-06-16 01:00:00,1.592084386640674,60.97935280622859,3.540875512754919,0
2023-06-16 02:00:00,1.3996321324703747,63.137261436372086,2.9339375624280875,0
2023-06-16 03:00:00,2.8614302364515494,71.0950655183997,6.7091293636205815,0
2023-06-16 04:00:00,1.8006484153047824,64.82442116201281,6.771735481624451,0
2023-06-16 05:00:00,1.0806211561077956,64.46335618112157,6.19399103156864,0
2023-06-16 06:00:00,2.393876846116236,36.60220118042051,5.476068875299735,0
2023-06-16 07:00:00,2.08004864944149,43.59148309599328,7.578108283452259,0
2023-06-16 08:00:00,2.7488919130322684,68.34893572114724,4.628390276012029,0
2023-06-16 09:00:00,1.0975901275383795,54.74700554394753,5.762635840790487,0
2023-06-16 10:00:00,3.1155658189957984,60.013996725977165,2.173845069819255,0
2023-06-16 11:00:00,2.593547361440349,54.03660936241073,3.5824159652012453,0
2023-06-16 12:00:00,3.364481543867241,95.72499828733028,3.6272296053289828,1
2023-06-16 13:00:00,3.797940060305736,63.19286385609232,3.843890748564584,0
2023-06-16 14:00:00,2.2883311536674187,64.44986976635217,5.078535526648494,0
2023-06-16 15:00:00,2.188865801857638,74.36249484205025,6.214637217028384,0
2023-06-16 16:00:00,3.151789744966121,62.93699650276428,3.0530393128550077,1
2023-06-16 17:00:00,2.2375183285875786,87.60637926445366,4.710178558832231,0
2023-06-16 18:00:00,2.6710563937735263,55.202788601663,4.624621799142058,0
2023-06-16 19:00:00,1.9255647440178434,71.48441571367516,4.157842152860307,1
2023-06-16 20:00:00,3.375078007233299,54.557750226732246,4.285826926675184,0
2023-06-16 21:00:00,2.221056205216951,73.73816963195736,2.211431588266738,0
2023-06-16 22:00:00,2.9695934029973703,56.23056840794329,5.243467674307627,0
2023-06-16 23:00:00,2.6182874792646627,57.24394105729613,2.4930639108307884,0
2023-06-17 00:00:00,2.4409230889188995,67.36151180686163,3.6398483861109274,0
2023-06-17 01:00:00,2.013718155349193,86.63324915809923,3.2887672946075135,0
2023-06-17 02:00:00,2.421942392074998,72.71299480497099,3.1111730208852175,0
2023-06-17 03:00:00,2.860553290619774,71.2426035895093,3.083090697763504,0
2023-06-17 04:00:00,0.08481136132340161,70.24999890549756,7.4857536553775414,0
2023-06-17 05:00:00,3.845150755244255,70.79953959904684,4.104388663610057,0
2023-06-17 06:00:00,2.9979704503625784,81.6792446032571,3.9440193432054294,0
2023-06-17 07:00:00,3.0970458935269916,75.20605365274513,3.6884534337371724,0
2023-06-17 08:00:00,2.5163247758492466,76.39785856626244,4.7942161920917306,0
2023-06-17 09:00:00,1.3791484350633854,61.84131047873505,5.257416907177005,0
2023-06-17 10:00:00,2.478859772705974,58.68042377068583,4.056673227517714,0
2023-06-17 11:00:00,0.9032978467790356,72.33896374612648,2.8388177662716507,0
2023-06-17 12:00:00,3.8406304513987313,51.159599129752955,4.146851351116407,0
2023-06-17 13:00:00,2.071402644386103,53.11819660069528,4.620165027951608,0
2023-06-17 14:00:00,2.602059024238299,76.52832140524833,2.568046646471714,0
2023-06-17 15:00:00,2.7841176406405657,42.79700852176174,3.552826475188728,0
2023-06-17 16:00:00,3.160400491422441,67.58797764980956,5.256578928447517,0
2023-06-17 17:00:00,4.223638824165162,62.668344085220156,5.497454578545296,0
2023-06-17 18:00:00,2.2314408207913816,58.524217771504354,4.464415456757254,0
2023-06-17 19:00:00,3.0426067719180994,61.96898850187299,3.054210599497549,0
2023-06-17 20:00:00,3.208816237958195,59.77202985662369,2.5193970702699766,0
2023-06-17 21:00:00,2.48325291170518,70.38576939049702,3.3101866456153735,0
2023-06-17 22:00:00,2.662556196750088,77.06264817688987,3.5714855948157345,0
2023-06-17 23:00:00,1.3715679419667215,62.42453746103201,5.67832076089601,0
2023-06-18 00:00:00,1.631485235360805,68.9303037748509,4.403507204606588,0
2023-06-18 01:00:00,2.876245845592967,53.49852966677503,5.285527732125432,0
2023-06-18 02:00:00,1.5044134931224007,48.88277485252506,3.715642593441625,0
2023-06-18 03:00:00,2.229333967071127,68.53991954370707,2.2477169967761004,0
2023-06-18 04:00:00,2.713621935583769,58.69924246669537,2.9440452092419,0
2023-06-18 05:00:00,2.98086661154242,71.28366319470798,6.253206487288178,0
2023-06-18 06:00:00,2.3841781954305694,73.26303481917486,5.8352839285555405,0
2023-06-18 07:00:00,2.2192447997544886,58.062842239899915,2.1087024740256393,0
2023-06-18 08:00:00,4.458138689015802,139.3174329362349,7.490172930440657,1
2023-06-18 09:00:00,2.207102075852201,55.014131840360754,6.699155619905039,0
2023-06-18 10:00:00,1.8829660973290605,67.82736467284138,2.7044911377890735,0
2023-06-18 11:00:00,2.9925984659550373,67.0225687292343,3.4280881673351957,0
2023-06-18 12:00:00,0.8345713951659615,47.54316853572944,3.1188539588675286,0
2023-06-18 13:00:00,2.2605159885594954,79.4565885712574,5.234940301576174,0
2023-06-18 14:00:00,2.5728866786467903,74.08716290805809,3.493647297144021,0
2023-06-18 15:00:00,2.5922305025664816,71.92084124369556,2.2857102740415653,0
2023-06-18 16:00:00,1.2681950979684602,46.17535371263855,4.804496735031385,0
2023-06-18 17:00:00,2.2209080726855066,77.8011032110534,3.921609917986541,0
2023-06-18 18:00:00,2.343186269625987,76.47408995294808,5.00316167942238,0
2023-06-18 19:00:00,3.4598092806892833,56.919808126852686,4.6806969812907155,0
2023-06-18 20:00:00,2.321036979880889,48.3820132311354,3.8685811351151433,0
2023-06-18 21:00:00,2.659144753979761,58.183654953329764,5.5232802138088815,0
2023-06-18 22:00:00,3.3151051273832177,68.9885088195157,2.8947495864444304,0
2023-06-18 23:00:00,1.998795779619933,58.22664602719173,3.5968603742533882,0
2023-06-19 00:00:00,2.168866800561635,62.79221044189057,6.380655987255549,0
2023-06-19 01:00:00,3.0547608956383927,70.8300477940181,4.575588800466488,0
2023-06-19 02:00:00,3.070335366390065,48.87479832183836,4.301006851781161,0
2023-06-19 03:00:00,2.8183558553645134,65.64294977333431,5.6551411672202665,0
2023-06-19 04:00:00,1.8291573369956464,71.59881656858815,6.214182035359755,1
2023-06-19 05:00:00,3.6000501368894993,65.938094499842,3.6189747259264764,0
2023-06-19 06:00:00,3.7802660279235,69.51125492887768,3.303699426216708,0
2023-06-19 07:00:00,2.6685433616279086,60.00967149922736,4.56925944314018,0
2023-06-19 08:00:00,2.116045331021692,46.614737826725715,2.1088869283363567,0
2023-06-19 09:00:00,2.686577520595839,74.2065296917451,2.557636749386111,0
2023-06-19 10:00:00,3.2216897659234087,67.78472097447278,0.5130248582553647,0
2023-06-19 11:00:00,2.591546075040478,82.77757366412621,2.396113016504768,0
2023-06-19 12:00:00,1.540294888984627,50.06507958884611,2.224010611328583,0
2023-06-19 13:00:00,2.1359258046463356,60.17353700056,5.034917670386394,0
2023-06-19 14:00:00,3.094955282240618,71.25441723229522,3.75746109113502,0
2023-06-19 15:00:00,2.7352803460739876,70.47652346784058,1.2592284946174233,0
2023-06-19 16:00:00,2.9883085244213663,64.40262489104491,5.28169316644218,0
2023-06-19 17:00:00,2.04251689215739,82.71772933475002,3.0038490040208283,0
2023-06-19 18:00:00,1.8593219782037287,63.74227510615196,3.377094167750995,0
2023-06-19 19:00:00,1.6375225701137786,64.92344642864904,6.414986635797174,0
2023-06-19 20:00:00,2.389927714600589,54.66394620268374,5.882871006966555,0
2023-06-19 21:00:00,2.289066675076971,60.433206610155,3.9377102987919947,0
2023-06-19 22:00:00,2.547634983486738,54.480948977081404,3.739282770553775,0
2023-06-19 23:00:00,0.9469764863914687,64.49953422997503,5.1181306688012835,0
2023-06-20 00:00:00,2.32173087359687,84.36932450473337,6.718573639562351,0
2023-06-20 01:00:00,2.948273494296746,71.06344605916561,5.179098188754375,0
2023-06-20 02:00:00,2.409486327910733,85.35140567748135,3.379437031484685,0
2023-06-20 03:00:00,3.534856818774963,61.21798686797527,3.7947055375075154,0
2023-06-20 04:00:00,2.0730025609739555,73.41208060247389,2.424232307067867,0
2023-06-20 05:00:00,2.488882854423772,54.10397253940535,5.082807287767423,0
2023-06-20 06:00:00,1.6986170588551297,71.68465901279214,3.9365978842389566,0
2023-06-20 07:00:00,4.012856181915915,131.33532093516877,8.764374657231976,1
2023-06-20 08:00:00,2.797865179033995,60.30458106677508,5.442243561485284,0
2023-06-20 09:00:00,1.7343244550857477,55.04586207395405,3.051562069391998,0
2023-06-20 10:00:00,2.251230112108382,72.02771265705313,4.402479406803366,0
2023-06-20 11:00:00,3.223648083932934,70.59482696400354,3.4176965327004574,0
2023-06-20 12:00:00,3.294926428648548,60.25123527854352,3.814831622351028,0
2023-06-20 13:00:00,3.772373832650733,57.06136301530177,2.879455882444052,0
2023-06-20 14:00:00,2.7852697116618548,67.95850561838097,3.405817564897103,0
2023-06-20 15:00:00,2.6721231180078946,68.06273938636036,3.4108264912390167,0
2023-06-20 16:00:00,2.852368879838339,81.43329924854453,3.5965770342157186,0
2023-06-20 17:00:00,2.910318988330521,64.52578926413608,3.92779496484787,0
2023-06-20 18:00:00,2.1686224044547213,74.79715433636231,3.831905186363053,0
2023-06-20 19:00:00,3.110194301578119,77.38708266154921,7.423133095487027,0
2023-06-20 20:00:00,2.7019566361794873,58.905183690529235,5.614548796965224,0
2023-06-20 21:00:00,2.0892992467913403,71.72455572120542,4.203636767781401,0
2023-06-20 22:00:00,1.9525288483647811,64.92841202982,4.797761845433685,0
2023-06-20 23:00:00,2.44330613323334,70.10669442867521,3.952778970050959,1
2023-06-21 00:00:00,1.7163697188001898,66.75400838825215,5.715068751068666,0
2023-06-21 01:00:00,3.2900292988545443,58.34565200147127,4.15298173188898,0
2023-06-21 02:00:00,2.776588731036896,56.80363207412604,3.008899603030237,0
2023-06-21 03:00:00,2.4790910983739245,72.43392675460423,3.8912099989673017,0
2023-06-21 04:00:00,1.4171390574647893,69.80351694831347,2.8004169591561454,0
2023-06-21 05:00:00,2.4246275601528873,85.59856991219934,6.686997541613775,0
2023-06-21 06:00:00,4.6366013226797325,55.02385286642233,3.711768184746769,0
2023-06-21 07:00:00,2.3969966522022403,66.33647462814625,2.588016641105298,0
2023-06-21 08:00:00,2.334834952900704,53.2870986030876,2.2411360235235778,0
2023-06-21 09:00:00,2.3050438929334844,51.83647797596099,4.5187551383486655,0
2023-06-21 10:00:00,1.7214625589146375,68.16173542689937,6.311428851712033,0
2023-06-21 11:00:00,2.6042173474146377,74.88360720939652,5.385502588754354,0
2023-06-21 12:00:00,1.959010315297769,57.75021238254031,2.444768116968739,0
2023-06-21 13:00:00,4.07791425645134,74.26637241979297,2.3278472425074814,0
2023-06-21 14:00:00,2.450295455196146,71.22655869457675,6.249584714827133,0
2023-06-21 15:00:00,2.5210835668292035,71.24192263203379,5.030454458148279,0
2023-06-21 16:00:00,2.9590724280143466,71.54722804438623,4.53615572529022,0
2023-06-21 17:00:00,3.5095814124185662,79.27291561637507,4.076287732113456,0
2023-06-21 18:00:00,3.176475727562797,85.64982170293727,6.681884765533689,0
2023-06-21 19:00:00,0.9074666160666192,70.23311074251917,3.265802397556091,0
2023-06-21 20:00:00,1.9191949334764333,72.0700109822586,4.456520873764745,0
2023-06-21 21:00:00,3.1092835832265546,45.34549703676775,4.9415976321285076,0
2023-06-21 22:00:00,3.7052524081464746,79.23880681633297,6.190475223902807,0
2023-06-21 23:00:00,2.5442173589000405,71.47671384106984,6.482820377120037,0
2023-06-22 00:00:00,2.6650254649715643,59.901912562728754,4.856015672399928,0
2023-06-22 01:00:00,3.0635663914219697,74.54082613033563,5.8609852979945565,0
2023-06-22 02:00:00,2.428600414317299,58.6184044213777,6.519888640876352,0
2023-06-22 03:00:00,2.4069295150217282,73.5462828374867,5.684284094796932,0
2023-06-22 04:00:00,2.9913940072003795,67.733151917644,2.5042772631558634,0
2023-06-22 05:00:00,2.8150054048056004,68.53181897252763,7.069801462815775,1
2023-06-22 06:00:00,3.369338142666261,56.90366556646516,4.520272485515031,0
2023-06-22 07:00:00,2.533352226032815,74.13504990922847,5.976948538710122,0
2023-06-22 08:00:00,2.8501081483740123,43.844303569809725,5.412845203425518,0
2023-06-22 09:00:00,2.819461227237953,53.51218171987365,6.4448260916003655,0
2023-06-22 10:00:00,3.0043535186560852,80.10520293566843,6.2905494195530025,0
2023-06-22 11:00:00,3.6731795216207557,63.02317598246766,4.789758163202874,0
2023-06-22 12:00:00,1.828115416109354,65.21294439952534,4.858964027908065,0
2023-06-22 13:00:00,2.5226712649452274,72.3597362523993,6.402029390185594,0
2023-06-22 14:00:00,2.4887987285689213,70.29854100655278,3.769637702837368,1
2023-06-22 15:00:00,2.482128957963755,67.12922298160306,4.831344463302155,0
2023-06-22 16:00:00,2.0021484421389184,80.1531722189683,4.151201637884963,0
2023-06-22 17:00:00,2.5692991331110093,68.31007025419616,3.6498794194986073,0
2023-06-22 18:00:00,2.2256333969661464,51.830504365037456,5.831635480195659,0
2023-06-22 19:00:00,2.059065874901968,59.491689294398256,5.977585176711948,0
2023-06-22 20:00:00,1.8808241819470775,56.451259451566905,2.3149642541769655,0
2023-06-22 21:00:00,3.4093282101281748,71.85160896225297,4.251483724583115,0
2023-06-22 22:00:00,3.7388634199431756,58.126022206511465,6.680844198060559,0
2023-06-22 23:00:00,0.5813176501819093,63.23587368727077,5.421584043280522,0
2023-06-23 00:00:00,3.6007442481079908,71.05888190617894,4.5308026756884265,0
2023-06-23 01:00:00,2.087989121130067,67.65510771404726,2.5406534740838147,0
2023-06-23 02:00:00,2.689250316536837,71.68210507670369,6.565601732569592,0
2023-06-23 03:00:00,2.3065434711628674,69.70508769637796,3.557615020747749,0
2023-06-23 04:00:00,3.4495621376001457,53.33610689271361,3.8849378584642333,0
2023-06-23 05:00:00,2.382713057745971,73.2916005235817,3.526038860307584,0
2023-06-23 06:00:00,2.4391313596633792,50.85069712586134,6.296227217426467,0
2023-06-23 07:00:00,1.2871162452954668,57.23583022597997,3.764102631417521,0
2023-06-23 08:00:00,3.625785953584966,54.86238331456163,3.40359884192386,0
2023-06-23 09:00:00,3.4993977157528144,62.5078257279946,4.69489506293974,0
2023-06-23 10:00:00,1.661116241521773,65.3498032855859,3.328006838809608,0
2023-06-23 11:00:00,3.1090503453065317,76.91883869859178,5.269866162671056,0
2023-06-23 12:00:00,1.0840765988792826,61.40821979583822,2.8269150624772292,0
2023-06-23 13:00:00,2.9456286644616547,53.30715473276007,5.442382418650698,0
2023-06-23 14:00:00,2.18109820280434,66.12804046302223,4.542513887580543,0
2023-06-23 15:00:00,3.9493069376289336,58.64161727508733,4.417560457807339,0
2023-06-23 16:00:00,2.404137132592445,48.399767182784714,6.394917345407514,0
2023-06-23 17:00:00,3.664637685423242,68.92880848219079,2.6705832607063247,0
2023-06-23 18:00:00,2.4444341241784855,46.643778470472796,3.0098635796081608,1
2023-06-23 19:00:00,3.4835317308193927,65.0699951401875,4.235863250769177,1
2023-06-23 20:00:00,3.3856711743275287,70.38684450117837,3.107502489152589,0
2023-06-23 21:00:00,2.0768312186258373,41.00701895518128,4.163451148355947,0
2023-06-23 22:00:00,2.9208470124007238,71.19402270090542,5.3880459910720315,0
2023-06-23 23:00:00,2.1092505473641827,68.9943606880031,4.671549871153268,1
2023-06-24 00:00:00,3.574312490389964,53.531999974529285,6.413625423007475,0
2023-06-24 01:00:00,2.1965906954881933,80.25244368432831,7.669067905342562,0
2023-06-24 02:00:00,1.6465064744593985,64.74306312796827,4.404107133615911,1
2023-06-24 03:00:00,2.6594898031248695,50.9782460493423,4.3812135545472,0
2023-06-24 04:00:00,1.163844128932087,59.70504306293328,7.724788063815386,0
2023-06-24 05:00:00,2.0277867791309254,80.75028848418623,5.33305144456432,0
2023-06-24 06:00:00,1.8568281724103985,63.578030516024285,5.788325546834405,0
2023-06-24 07:00:00,2.277112794388825,61.37104155665304,2.8918422899922045,0
2023-06-24 08:00:00,1.6858309508054816,64.2901943878678,3.809289003561929,0
2023-06-24 09:00:00,1.8191656443607989,49.743376529459596,5.885430672044675,0
2023-06-24 10:00:00,3.9956295566137756,58.88454757205657,3.2671161504496604,0
2023-06-24 11:00:00,1.5716834286644183,40.443737382752246,4.195614911393598,0
2023-06-24 12:00:00,1.471768251782563,57.941002416015735,4.292184877044151,0
2023-06-24 13:00:00,1.895702171283832,72.05108610433548,2.748277384218008,0
2023-06-24 14:00:00,3.231491925052655,81.24129156803141,3.0918949223297005,0
2023-06-24 15:00:00,2.082176579228795,69.44368527509937,4.331332051909456,0
2023-06-24 16:00:00,3.1680663650274927,55.56292889589748,3.896002483139209,0
2023-06-24 17:00:00,1.3738625385661818,86.62658426063012,3.876428774012521,0
2023-06-24 18:00:00,1.8497084145044371,65.04271796288505,7.157785346133051,0
2023-06-24 19:00:00,4.60104453852531,59.54767221548615,1.793668792600441,0
2023-06-24 20:00:00,2.221814723004755,71.67243527476987,3.039694600832833,0
2023-06-24 21:00:00,3.4218217331343537,80.60759484508202,6.72297946040664,0
2023-06-24 22:00:00,2.0319781700652224,74.75268774000415,3.352145988437303,0
2023-06-24 23:00:00,1.2985508431578012,63.83672781084872,5.035497221444108,0
2023-06-25 00:00:00,3.766326176804962,58.34048098017803,4.3031623783138775,0
2023-06-25 01:00:00,3.08124803437573,63.02173490472111,5.58177354444652,0
2023-06-25 02:00:00,2.6169179094104105,87.12225821617125,4.24984182136309,0
2023-06-25 03:00:00,1.5630878117956826,57.40770510326137,4.018720460294498,0
2023-06-25 04:00:00,2.188652136678716,61.91864422011377,4.315247973124131,0
2023-06-25 05:00:00,1.9760636135298257,56.81172113257547,3.783490160404908,0
2023-06-25 06:00:00,2.1318416642001727,81.01101893662121,3.214919855250223,0
2023-06-25 07:00:00,3.404379163213521,71.59524761397712,3.2566146603949115,0
2023-06-25 08:00:00,3.066966926564464,70.87654687311847,5.663844560334886,0
2023-06-25 09:00:00,3.3672749028587403,59.085263847491845,4.05677353806504,0
2023-06-25 10:00:00,1.4187400858386205,49.931665089417606,4.933933378582067,0
2023-06-25 11:00:00,1.8697598900567387,65.88224909870729,4.693279575540171,0
2023-06-25 12:00:00,2.1026757310982234,79.97343084257302,1.3898391859447163,0
2023-06-25 13:00:00,2.7914005716786345,63.006155638151306,7.51690246152568,1
2023-06-25 14:00:00,2.8156810943549266,53.05864269670671,2.3895707180246797,0
2023-06-25 15:00:00,2.8513224313401175,80.53322382586535,2.1225085361152978,0
2023-06-25 16:00:00,2.352252907495813,68.45993259218758,6.2247279685637675,0
2023-06-25 17:00:00,2.9022514833433406,53.72052032820516,1.5565740503589174,0
2023-06-25 18:00:00,2.670718951853163,64.2197347803277,3.109121582624784,0
2023-06-25 19:00:00,1.3903448531250284,91.17535804521103,4.57131536608763,0
2023-06-25 20:00:00,2.1242143981446526,71.97804037137911,2.7619914504399743,0
2023-06-25 21:00:00,2.224430659921275,65.02101716592719,5.000811555357266,0
2023-06-25 22:00:00,2.805423853228042,52.03614154616488,4.31986039809072,0
2023-06-25 23:00:00,1.4416492828956045,54.60232901530059,2.204340203048157,0
2023-06-26 00:00:00,1.8952371271787563,54.05703392085434,2.4520309479775446,0
2023-06-26 01:00:00,2.472142137072082,67.88301966804961,4.334398641958447,0
2023-06-26 02:00:00,2.441946269237464,65.42419287566263,4.164020253620348,0
2023-06-26 03:00:00,2.618754561700352,56.07373310294315,1.7598741289968078,0
2023-06-26 04:00:00,2.523158055305813,51.18648899638772,4.205541965333314,0
2023-06-26 05:00:00,1.6400530491820742,64.30153163914886,4.095347710302725,0
2023-06-26 06:00:00,3.6098509386084237,59.686389991545646,3.050209553850108,0
2023-06-26 07:00:00,1.9041158800068234,57.45492180040788,4.990026049247539,0
2023-06-26 08:00:00,1.4501334153140273,65.10473002461625,3.443193937743013,0
2023-06-26 09:00:00,2.5171982358138036,65.85834612497723,6.253168020532621,1
2023-06-26 10:00:00,1.920729628573481,56.33131225939371,5.739278166734394,0
2023-06-26 11:00:00,2.5993562219468056,58.81811389775447,5.101809814328715,0
2023-06-26 12:00:00,2.131520441476059,58.688675667531854,7.347450723434557,0
2023-06-26 13:00:00,3.499268797724867,67.66441809965944,4.805244464829387,1
2023-06-26 14:00:00,2.7434779167977457,70.67664133811574,5.036718240490935,1
2023-06-26 15:00:00,1.210932790466508,62.35167778024288,6.53426540047176,0
2023-06-26 16:00:00,2.421247595814696,70.07611419120485,5.958911201605197,0
2023-06-26 17:00:00,2.284375011071934,62.90493858762262,2.3210186695033745,0
2023-06-26 18:00:00,2.312575971007781,47.581803542123744,3.4319237616844425,0
2023-06-26 19:00:00,1.5622534826331431,80.1654841743992,3.1103578074989793,1
2023-06-26 20:00:00,2.4353847385429503,48.03635002159312,3.9614612213199436,0
2023-06-26 21:00:00,1.7888622804185466,69.5413213180974,4.4494046291393365,0
2023-06-26 22:00:00,1.798611173323938,79.44734139347203,2.109135920963273,0
2023-06-26 23:00:00,5.151813788122272,62.858664834799264,5.587207262038687,0
2023-06-27 00:00:00,2.569760233946202,46.298408438200354,4.956749886875633,1
2023-06-27 01:00:00,1.1258573095928877,66.65195044553015,4.803427898947086,0
2023-06-27 02:00:00,3.2626728913070373,53.33041014629769,4.155572624624651,0
2023-06-27 03:00:00,2.6417916040863307,49.98176809628508,3.0509371478950165,0
2023-06-27 04:00:00,3.0128925060364744,66.19450920110424,4.386947299934899,0
2023-06-27 05:00:00,2.8929464469839754,78.78819476038692,5.7090074537537365,0
2023-06-27 06:00:00,1.3579662365125313,69.113742660721,3.5541573238418236,0
2023-06-27 07:00:00,1.2661417742033418,60.15916732756374,6.530722830674854,0
2023-06-27 08:00:00,4.000425123775929,73.38017401689811,5.494352405803667,0
2023-06-27 09:00:00,3.3109250468570828,61.15755722314681,6.714291634035498,0
2023-06-27 10:00:00,0.5045500953484103,70.98985463769242,5.150648899274386,0
2023-06-27 11:00:00,3.5431044860642475,47.715363530131924,5.995658447571141,0
2023-06-27 12:00:00,3.1309195600811766,46.170476636323,5.022959604346579,0
2023-06-27 13:00:00,0.7190607059808864,59.823853459470065,6.823635589427237,0
2023-06-27 14:00:00,1.4921675861288586,51.24080533704218,2.8096719871737736,0
2023-06-27 15:00:00,2.6860466606121207,76.56560122514878,6.137460545557133,0
2023-06-27 16:00:00,3.4880960460820005,68.12950275962538,3.7354379656071774,0
2023-06-27 17:00:00,2.400299330385075,73.94720981741418,3.1954985126525077,1
2023-06-27 18:00:00,2.540973753143892,73.09721109825286,6.298596446809169,0
2023-06-27 19:00:00,3.1231041556638965,62.91762985311207,5.471319420514064,0
2023-06-27 20:00:00,1.9719658720675954,59.79935168547455,2.847783675427059,0
2023-06-27 21:00:00,2.997205458933804,80.60265440868532,4.709828685738734,0
2023-06-27 22:00:00,3.3453986969225786,58.13604502988983,3.233979603042811,0
2023-06-27 23:00:00,1.431822353250696,67.88902927956478,4.484080855929372,0
2023-06-28 00:00:00,2.739594888298152,49.96091961013565,6.890466201630038,0
2023-06-28 01:00:00,3.8315382887385825,64.35774901075925,1.5169843978878572,0
2023-06-28 02:00:00,4.677343918219649,137.42447431726023,5.8035505354043595,1
2023-06-28 03:00:00,1.1224161750466788,75.51476332246881,1.8669903793625888,0
2023-06-28 04:00:00,3.193964388776102,61.64857092916318,3.572202832087351,0
2023-06-28 05:00:00,4.261019195395397,54.42800654873841,3.3325604671672817,0
2023-06-28 06:00:00,2.3160799586145484,61.34894152135663,7.001138587175312,0
2023-06-28 07:00:00,3.4465753067204346,64.40560975718037,2.8955006586420344,0
2023-06-28 08:00:00,2.2651023536301276,53.89827314023902,3.602770767520484,1
2023-06-28 09:00:00,1.0590537236069286,74.926375347224,4.322180440144133,0
2023-06-28 10:00:00,2.020103702499184,81.35908206758805,4.0154773677542295,0
2023-06-28 11:00:00,2.3881668424282285,62.339479467402384,3.3431465831395837,0
2023-06-28 12:00:00,3.3566671570240643,74.36492570082946,3.75301308096049,0
2023-06-28 13:00:00,4.493850680981057,61.37236384006553,3.3136379837148473,1
2023-06-28 14:00:00,3.6759763559029626,61.82128925024703,3.40138463547938,0
2023-06-28 15:00:00,2.287575058895274,67.27545381023319,6.049605637894864,0
2023-06-28 16:00:00,1.213138386180827,66.11885035203171,6.948074893080991,0
2023-06-28 17:00:00,2.2754671382474836,54.490937422787304,3.900196916297216,0
2023-06-28 18:00:00,2.6694351668286638,53.74829261797189,4.925416561496281,0
2023-06-28 19:00:00,3.6385618251325456,80.54824479743301,3.79616367733507,0
2023-06-28 20:00:00,4.137753048979956,119.45606740068155,8.205325531054717,1
2023-06-28 21:00:00,1.263558190364274,65.11841385585649,3.3738100894459064,0
2023-06-28 22:00:00,1.1383241137667135,57.30330474955677,4.5865323704621686,0
2023-06-28 23:00:00,1.3041444321919353,48.23914686727266,3.955698464063883,0
2023-06-29 00:00:00,1.492287589454473,54.79289534224062,3.411605172399592,0
2023-06-29 01:00:00,2.6126446498213998,74.58411469313378,5.486371538290275,0
2023-06-29 02:00:00,3.00546611336964,69.35478565543197,3.0976220803427834,1
2023-06-29 03:00:00,1.8317959828144876,75.20625233773544,6.579399134749339,0
2023-06-29 04:00:00,0.4293186508319313,62.010126893678475,4.4950427542692015,0
2023-06-29 05:00:00,2.867574548865738,40.49521876563412,3.611706386730238,0
2023-06-29 06:00:00,1.8845415091460598,64.33420048422612,3.3087322309027734,0
2023-06-29 07:00:00,2.438987730201216,78.22691652067616,3.7241993601647017,0
2023-06-29 08:00:00,3.138575777264008,53.688415593864846,3.3760258880155183,0
2023-06-29 09:00:00,1.3663482878945399,62.03323002314908,2.594790013065159,0
2023-06-29 10:00:00,5.086656375490559,119.11655906355082,6.976985783381295,1
2023-06-29 11:00:00,2.0811800973806966,70.92552801935936,6.825636118294398,0
2023-06-29 12:00:00,1.2224166554685336,79.46372409113083,3.573177209063287,0
2023-06-29 13:00:00,2.165122431692877,68.45818253470618,6.655056639125385,0
2023-06-29 14:00:00,2.154673322131836,68.27212359118205,2.3383692776695666,0
2023-06-29 15:00:00,3.0381634245060654,69.91322263778355,1.3432358446517667,0
2023-06-29 16:00:00,3.4260856176946812,66.95383983540292,3.9433793962906036,0
2023-06-29 17:00:00,2.946123314594906,56.30241214966663,2.545625379165915,0
2023-06-29 18:00:00,4.033770044249422,86.61600789371431,2.9260941389651514,0
2023-06-29 19:00:00,2.499744435262178,66.12901697266406,6.343375568442426,0
2023-06-29 20:00:00,2.708854988345768,74.30320419928204,2.836808942531936,0
2023-06-29 21:00:00,3.2685076601724563,49.149832301565155,4.093141834782699,0
2023-06-29 22:00:00,2.721767514645402,84.27573457011543,5.6598688591913975,0
2023-06-29 23:00:00,2.471558167049667,58.93621192541858,4.43298178962059,0
2023-06-30 00:00:00,2.2094768512365017,66.50007373162786,2.9773076263554636,0
